"","Listing ID","S","Sub Type","St#","St Name","City","MLS Area","SLC","L/C Price","Price Per Square Foot","Br/Ba","Sqft","YrBuilt","Ac/LSqft","DOM/CDOM","View YN","Pool Private YN","BAC","Contract Status Change Date","MLS"
"1","180043613","S","SFR/D","255","Riverside Avenue   ","SGLF","","","$97,500","$135.42","2/1,0,0,0","720/A","1977/ASR","","10/10","","N","2.5","08/28/18","SAND"
"1","LC18189955","S","MANL/D","4491","Lodoga Stonyford RD  ","SFRD","","REO","$118,000","$96.17","3/2,0,0,0","1227/A","1994/PUB","5/217,800","24/24","Y","N","3","09/12/18","CRMLSM"
"1","SN18188494","S","MANL/D","6206","Calvary CT  ","MAGA","","STD","$123,500","$91.89","2/2,0,0,0","1344/A","1979/ASR","0.26/11,326","7/7","Y","N","2.5","09/10/18","CRMLSM"
"1","SN18190485","S","SFR/D","631","Glennwood Lane   ","WLLS","","STD","$155,000","$140.91","3/2,0,0,0","1100/A","1973/ASR","0.1377/6,000","7/7","Y","N","3","09/06/18","CRMLSM"
"1","SN18190222","S","SFR/D","6569","Pentz RD  ","PARA","","STD","$172,000","$186.15","2/1,0,1,0","924/A","1962/ASR","0.39/16,988","0/0","N","N","3","08/03/18","CRMLSM"
"1","180043686","S","CONDO/A","4253","Central Ave    #2","SD","","","$195,000","$370.02","1/1,0,0,0","527/P","1979","","11/129","","N","2.5","08/29/18","SAND"
"1","180043729","S","CONDO/A","1240 N","Broadway    #40","ESC","","STD","$216,500","$253.51","2/1,0,1,0","854/P","1978","","8/8","","N","2.5","09/10/18","SAND"
"1","SN18190263","S","SFR/D","2760","Monterey ST  ","CHIC","","STD","$245,000","$197.42","4/1,1,0,0","1241/A","1954/ASR","0.19/8,276","7/7","N","N","2","09/11/18","CRMLSM"
"1","180043267","S","CONDO","4201","Bonita Rd    #136","BON","","","$250,000","$326.37","1/1,0,0,0","766/A","1970","","12/12","","N","2.5","09/07/18","SAND"
"1","SN18188527","S","SFR/D","1052","Viceroy DR  ","CHIC","","STD","$263,500","$234.01","3/2,0,0,0","1126/A","2003/ASR","0.1/4,356","5/5","Y","N","2.5","09/06/18","CRMLSM"
"1","180043090","S","CONDO/A","4346","52nd St    #13","SD","","","$275,000","$332.13","2/2,0,0,0","828/A","1970/ASR","","20/20","","N","2.5","09/12/18","SAND"
"1","SN18190681","S","SFR/D","39","Skywalker CT  ","CHIC","","STD","$277,000","$234.55","3/2,0,0,0","1181/A","2005/ASR","0.09/3,920","6/6","N","N","2.5","08/31/18","CRMLSM"
"1","180043130","S","CONDO/A","7950","Mission Center Ct    #D","SD","","","$278,000","$382.92","2/1,0,0,0","726/A","1973/ASR","","7/7","","N","2.5","09/10/18","SAND"
"1","MC18190323","S","SFR/D","561","Curtis CT  ","ATW","","STD","$290,000","$169.29","3/2,0,0,0","1713/A","1979/ASR","0.18/7,841","5/5","Y","Y","2.5","09/12/18","CRMLSM"
"1","SN18190645","S","SFR/D","1819","Citrus AVE  ","CHIC","","STD","$295,000","$233.02","3/2,0,0,0","1266/S","1950/ASR","0.36/15,682","14/14","Y","N","2.5","08/31/18","CRMLSM"
"1","180043303","S","CONDO/A","10681","Carmel Mountain Road   ","SD","","","$299,000","$374.69","2/1,0,0,0","798/A","1971","","28/28","","N","2.5","09/14/18","SAND"
"1","180043666","S","/A","5006","Collwood Way    #79","SD","","","$325,000","$318.63","2/2,0,0,0","1020/A","1981","","3/3","","N","2","08/20/18","SAND"
"1","MC18190484","S","SFR/D","2681","Dels LN  ","TURL","","STD","$328,900","$186.35","3/2,0,0,0","1765/A","1978/ASR","0.1423/6,200","5/5","Y","N","3","09/13/18","CRMLSM"
"1","180043405","S","CONDO/A","13343","Rancho Penasquitos Blvd    #B104","SD","","","$345,000","$414.17","2/2,0,0,0","833/A","1992","","12/12","","N","2.5","08/31/18","SAND"
"1","SN18188293","S","SFR/D","3326","Freshwater Creek   ","CHIC","","STD","$345,100","$281.94","3/2,0,0,0","1224/B","2018/BLD","0.1475/6,425","1/1","Y","N","2","08/02/18","CRMLSM"
"1","SN18189815","S","SFR/D","2711","Burnap AVE  ","CHIC","","STD","$348,500","$219.60","3/2,0,0,0","1587/A","1959/ASR","0.5/21,780","5/5","Y","Y","2.5","09/05/18","CRMLSM"
"1","180043656","S","SFR/D","1665 S","Citrus   ","ESC","","","$350,000","$331.44","3/1,0,0,0","1056/E","1957","","0/0","","N","2","08/28/18","SAND"
"1","180043498","S","CONDO/A","3641","Avocado Village Court    #146","LMSA","","","$356,500","$352.27","2/1,0,0,0","1012/A","1986","","11/11","","N","2","09/13/18","SAND"
"1","SN18188961","S","SFR/D","428 W","16th ST  ","CHIC","","STD","$357,000","$239.28","5/2,0,0,0","1492/S","1934/PUB","0.17/7,405","7/7","Y","N","2.5","09/05/18","CRMLSM"
"1","180043377","S","CONDO/A","372","Roosevelt    #6","CHU","","","$360,000","$322.00","2/2,0,1,0","1118/A","2005","","16/16","","N","2","09/14/18","SAND"
"1","180043383","S","CONDO/A","1150","J St    #214","SD","","","$365,000","$496.60","1/1,0,0,0","735/A","2005","","8/8","","N","2.5","09/07/18","SAND"
"1","180043157","S","CONDO/A","2153","Bluehaven Ct.   ","SD","","","$370,000","$284.62","4/2,0,0,0","1300/E","1985","","15/15","","N","2.25","09/13/18","SAND"
"1","SN18189950","S","CONDO/A","13","Sierra Lakeside LN  ","CHIC","","STD","$375,000","$244.46","3/1,1,0,0","1534/A","1989/ASR","0.03/1,307","4/4","Y","N","2.5","08/27/18","CRMLSM"
"1","180043652","S","TWNHS/A","2483","Turnbridge Gln   ","ESC","","","$375,000","$324.96","2/2,0,0,0","1154/A","1981","","6/6","","N","2.5","09/10/18","SAND"
"1","180043097","S","CONDO/A","479","Nantucket Gln   ","ESC","","","$375,000","$266.71","4/2,0,0,0","1406/A","1985/ASR","","12/12","","N","2.5","09/05/18","SAND"
"1","180043123","S","CONDO/A","5402","Balboa Arms Drive    #Unit 309","SD","","STD","$383,500","$463.72","2/2,0,0,0","827/A","1995","","42/42","","N","2.5","08/31/18","SAND"
"1","180043305","S","SFR/D","78555","Sagebrush Ave.   ","LQ","","STD","$393,000","$216.29","3/2,0,0,0","1817/A","1992","","5/5","","","2.5","09/07/18","SAND"
"1","180043311","S","CONDO","7319","Calle Cristobal    #141","SD","","","$420,000","$486.11","2/2,0,0,0","864/A","1990","","4/4","Y","N","2.5","09/05/18","SAND"
"1","180043236","S","CONDO/A","4034","Florida St    #3","SD","","","$420,000","$458.02","2/2,0,0,0","917/A","1988","","9/9","","N","2.5","09/04/18","SAND"
"1","180043579","S","CONDO/A","4051","Iowa    #6","SD","","","$425,000","$508.98","2/2,0,0,0","835/","1985","","5/5","","N","2.5","09/11/18","SAND"
"1","180043393","S","CONDO/A","1501","Front St    #637","SD","","","$430,000","$596.39","1/1,0,0,0","721/A","2004/ASR","","13/13","","N","2.5","09/11/18","SAND"
"1","180043432","S","CONDO","8860","Villa La Jolla Drive    #107","LAJ","","","$439,000","$624.47","1/1,0,0,0","703/A","1983/ASR","","10/10","Y","N","2.5","09/04/18","SAND"
"1","180043229","S","SFR/D","921","Marjorie Dr   ","SD","","","$445,000","$335.34","4/2,0,0,0","1327/A","1972","","3/3","Y","N","2.5","08/24/18","SAND"
"1","180043155","S","SFR/D","1858","Loreto Glen   ","ESC","","STD","$445,000","$359.74","3/2,0,0,0","1237/A","1990/ASR","","6/6","","N","3","08/30/18","SAND"
"1","180043509","S","TWNHS","585","Almond Rd.   ","SAM","","","$450,000","$366.45","3/3,0,0,0","1228/A","2004/ASR","","4/4","","N","2.5","09/06/18","SAND"
"1","180043437","S","SFR/D","31371","Canterbury Court   ","TEM","","","$455,000","$187.24","3/2,0,1,0","2430/A","1997/ASR","","11/61","","N","2.5","09/12/18","SAND"
"1","180043127","S","SFR/D","3109","55TH ST   ","SD","","","$460,000","$384.29","3/2,0,0,0","1197/A","1952","","13/13","","N","2.5","09/11/18","SAND"
"1","180043206","S","SFR/D","1265","Peach Grove Ln   ","VST","","","$465,000","$415.18","3/2,0,0,0","1120/A","1968","","4/4","","N","2.25","08/29/18","SAND"
"1","180043094","S","CONDO/A","1650","8th Ave    #309","SD","","","$470,000","$493.70","2/2,0,0,0","952/A","1980/ASR","","7/7","Y","N","2.5","09/07/18","SAND"
"1","180043223","S","TWNHS/A","3008","Plaza Lorenzo   ","BON","","","$473,000","$246.87","4/2,0,1,0","1916/A","1975","","4/4","","N","2.5","09/07/18","SAND"
"1","180043494","S","CONDO/A","999 N","Pacific Street    #F210","OCE","","","$475,000","$625.00","1/1,0,0,0","760/A","1978","","8/8","Y","N","2.5","09/12/18","SAND"
"1","180043642","S","SFR/D","9355","Fermi   ","SD","","TPAP","$475,500","$412.76","4/2,0,0,0","1152/A","1959/ASR","","5/5","","N","2.5","09/06/18","SAND"
"1","180043322","S","CONDO/A","5845","Friars Rd    #1115","SD","","","$476,000","$404.76","2/2,0,0,0","1176/A","1986","","4/4","","N","2.5","08/29/18","SAND"
"1","180043607","S","SFR/D","1038","57Th St   ","SD","","","$480,000","$387.10","3/2,0,0,0","1240/A","1958","","7/7","","N","2.5","08/29/18","SAND"
"1","180043347","S","CONDO/A","1225","Island Ave    #517","SD","","","$485,000","$455.83","2/2,0,0,0","1064/A","2004","","4/4","","N","2.5","08/29/18","SAND"
"1","180043649","S","SFR/D","3424","Fairway Dr   ","LMSA","","","$485,000","$366.31","3/2,0,0,0","1324/A","1951","","7/7","","N","2.5","08/28/18","SAND"
"1","180043597","S","SFR/D","12248","Nivel Court   ","SD","","","$485,000","$321.19","2/2,0,0,0","1510/A","1965/ASR","","0/0","","N","2.5","08/24/18","SAND"
"1","180043102","S","CONDO","3719","Balboa Ter    #B","SD","","","$490,000","$427.20","2/1,0,1,0","1147/A","1982","","9/9","Y","N","2.5","09/12/18","SAND"
"1","180043638","S","CONDO/A","6455","La Jolla Blvd    #145","LAJ","","","$503,000","$508.59","2/2,0,0,0","989/A","1970","","5/5","","N","2.5","09/07/18","SAND"
"1","180043394","S","TWNHS/A","2117","Cosmo Way   ","SAM","","","$510,000","$440.41","2/2,0,1,0","1158/A","2012","","3/3","","N","2.5","08/31/18","SAND"
"1","180043346","S","SFR/D","1448","Franceschi Dr   ","CHU","","","$529,000","$328.78","3/2,0,1,0","1609/A","2016","","6/6","Y","N","2.5","09/10/18","SAND"
"1","180043220","S","CONDO/A","9678","Caminito Del Vida   ","SD","","","$530,000","$476.19","3/2,0,0,0","1113/A","1974/ASR","","5/5","Y","N","2.4","08/31/18","SAND"
"1","180043713","S","SFR/D","3530","CLAVELITA ST.   ","SD","","","$535,000","$312.32","3/2,0,0,0","1713/P","1977","","4/4","","N","2.5","09/10/18","SAND"
"1","180043201","S","SFR/D","1021","Corte Maria Ave.   ","CHU","","","$540,000","$450.00","3/2,0,0,0","1200/A","1956","","12/12","","N","2","09/07/18","SAND"
"1","180043472","S","SFR/D","162 N","Stephanie   ","ELC","","","$555,000","$417.29","3/1,0,1,0","1330/P","1960","","9/9","","Y","2.5","09/14/18","SAND"
"1","180043414","S","SFR/D","8111 E","Torin St.   ","LONG","","","$567,500","$506.70","3/1,0,1,0","1120/A","1960/ASR","","5/5","","N","2.5","08/24/18","SAND"
"1","180043100","S","SFR/D","10323","WALDEN COURT   ","SAN","","","$570,000","$449.17","3/2,0,0,0","1269/AP","1960","","14/14","","N","2","09/11/18","SAND"
"1","180043242","S","CONDO","3151","Old Bridgeport Way   ","SD","","","$575,000","$352.33","3/2,0,1,0","1632/A","1983","","12/12","","N","2.5","09/13/18","SAND"
"1","180043615","S","CONDO","1150","J Street    #717","SD","","","$575,000","$469.77","2/2,0,0,0","1224/A","2005","","3/3","Y","N","2.5","08/31/18","SAND"
"1","180043360","S","SFR/D","1915","Alta Vista   ","VST","","","$575,000","$366.71","3/2,0,0,0","1568/A","1972/ASR","","13/13","","N","2.5","09/14/18","SAND"
"1","180043160","S","SFR/D","4797","Rolando Blvd   ","SD","","","$579,000","$437.64","3/2,0,0,0","1323/A","1964","","14/14","","N","2.5","09/12/18","SAND"
"1","180043260","S","CONDO/A","2010","Shadytree Lane   ","ENCS","","","$582,000","$391.92","3/2,0,0,0","1485/A","1978/ASR","","27/27","","N","2.5","09/11/18","SAND"
"1","180043335","S","CONDO","2130 S","Coast Hwy   ","OCE","","","$584,000","$367.30","2/2,0,0,0","1590/A","1982/ASR","","5/5","","N","3","09/07/18","SAND"
"1","180043557","S","SFR/D","16723","Antonio Dr.   ","SD","","","$584,500","$510.93","3/2,0,0,0","1144/A","1964/ASR","","8/8","","N","2.5","08/28/18","SAND"
"1","180043632","S","SFR/D","2617","Larkin Pl   ","SD","","","$585,000","$354.98","3/2,0,0,0","1648/A","1961","","3/3","","N","2","08/30/18","SAND"
"1","180043556","S","SFR/D","6869","Town View Ln   ","SD","","","$605,000","$403.33","3/2,0,0,0","1500/A","1971/ASR","","10/66","","N","2.5","09/12/18","SAND"
"1","180043364","S","SFR/D","1312","Via Isidro   ","OCE","","","$607,000","$294.80","4/2,0,1,0","2059/A","1990","","2/2","","N","2.5","09/05/18","SAND"
"1","180043248","S","SFR/D","405","Witherspoon Way   ","ELC","","","$610,000","$371.05","3/3,0,0,0","1644/A","1963/ASR","","5/5","","N","2.5","09/17/18","SAND"
"1","180043608","S","SFR/D","4835","Kings Way   ","SD","","STD","$615,000","$550.09","3/2,0,0,0","1118/A","1961","","4/4","Y","N","2.5","09/05/18","SAND"
"1","180043340","S","SFR/D","1868","Century Way   ","ESC","","","$615,000","$264.06","5/3,0,0,0","2329/A","1993","","9/9","","N","2.5","08/27/18","SAND"
"1","180043112","S","SFR/D","10420","Hebrides Cir.   ","SD","","","$617,000","$467.42","4/2,0,0,0","1320/A","1971/ASR","","14/14","","N","2.5","09/07/18","SAND"
"1","180043354","S","SFR/D","2301","Old Ranch Rd.   ","ESC","","","$619,000","$254.00","3/2,0,1,0","2437/A","1998/ASR","","16/16","Y","N","2.5","09/12/18","SAND"
"1","180043493","S","SFR/D","1820","Pine View Rd.   ","ALP","","","$620,000","$328.74","3/3,0,1,0","1886/A","1960/ASR","","0/0","","N","2.5","09/12/18","SAND"
"1","180043681","S","CONDO/A","3695","Caminito Carmel Lndg   ","SD","","","$625,000","$585.21","2/2,0,1,0","1068/A","1985","","6/6","","N","2.5","09/04/18","SAND"
"1","180043259","S","SFR/D","3571","Belford St.   ","SD","","","$627,600","$509.42","3/2,0,0,0","1232/A","1960","","5/5","","N","2.5","08/31/18","SAND"
"1","180043266","S","SFR/D","2635","Glenridge Rd   ","ESC","","","$649,000","$319.39","4/2,0,0,0","2032/A","1984/ASR","","9/9","","N","2.5","09/11/18","SAND"
"1","180043222","S","SFR/D","3672","Cypress  Rd   ","OCE","","","$650,000","$263.91","4/2,0,0,0","2463/A","2006","","10/10","","N","2","09/14/18","SAND"
"1","180043392","S","CONDO/A","850","Beech St    #1003","SD","","","$670,000","$544.72","2/2,0,0,0","1230/","2003","","9/9","Y","","2.5","08/31/18","SAND"
"1","180043379","S","SFR/D","647","Shenandoah Ave   ","SAM","","","$675,000","$386.60","4/2,0,1,0","1746/A","1995/ASR","","9/9","","N","2.5","08/28/18","SAND"
"1","180043499","S","CONDO/A","999 N","Pacific Street    #B306","OCE","","","$685,000","$609.43","2/2,0,0,0","1124/A","1978","","11/11","Y","N","2.5","09/07/18","SAND"
"1","180043568","S","SFR/D","9520","El Granito Ave   ","LMSA","","","$700,000","$328.33","3/2,0,0,0","2132/A","1959/ASR","","2/2","Y","N","2.5","09/06/18","SAND"
"1","180043474","S","DPLX/A","11874","Cypress Canyon Rd    #2","SD","","","$734,000","$489.01","3/2,0,1,0","1501/A","1999/ASR","","5/5","Y","N","2.5","09/13/18","SAND"
"1","180043419","S","SFR/D","3419","Arborview Dr   ","SAM","","","$735,000","$277.46","5/3,0,1,0","2649/A","2011/ASR","","10/10","Y","N","2.5","09/12/18","SAND"
"1","180043552","S","SFR/D","1089","Inverlochy   ","FBRK","","","$739,000","$249.83","4/2,0,1,0","2958/P","2002","","3/3","N","N","2.5","09/07/18","SAND"
"1","180043092","S","SFR/D","420 N","Clementine St   ","OCE","","","$750,000","$779.63","2/1,0,0,0","962/P","1946","","3/3","","N","2.5","09/04/18","SAND"
"1","180043191","S","TWNHS","3494","VOYAGER CIRCLE   ","SD","","","$753,000","$607.26","2/2,0,0,0","1240/A","1985/ASR","","4/4","","N","2.5","08/22/18","SAND"
"1","180043342","S","SFR/D","3333 N","Mountain View Drive   ","SD","","","$765,000","$508.31","4/1,0,0,0","1505/E","1935","","4/4","","N","2.5","09/12/18","SAND"
"1","180043213","S","SFR/D","11672","Ramsdell Ct   ","SD","","","$769,000","$511.64","3/2,0,1,0","1503/P","1995","","6/6","","N","2","09/04/18","SAND"
"1","180043316","S","SFR/D","4724","MATTY CT.   ","LMSA","","","$780,000","$298.62","3/2,0,1,0","2612/A","1979/ASR","","4/10","Y","Y","2.5","08/28/18","SAND"
"1","180043337","S","SFR/D","2028","Loch Lomond Highlands   ","VST","","","$825,000","$262.57","4/2,0,1,0","3142/A","2007/ASR","","6/101","N","N","2.5","08/22/18","SAND"
"1","180043198","S","CONDO/A","1536","Seacoast Drive   ","IMB","","","$872,000","$859.96","2/2,0,0,0","1014/A","1979","","6/6","","N","2.5","09/14/18","SAND"
"1","180043621","S","SFR/D","7110","Mimosa Dr   ","CAR","","","$885,000","$585.32","3/2,0,0,0","1512/A","1978","","32/50","Y","N","2.5","09/14/18","SAND"
"1","180043104","S","SFR/D","6385","Lake Atlin Ave   ","SD","","","$919,000","$345.23","4/4,0,0,0","2662/A","2018","","14/325","","N","20000","08/31/18","SAND"
"1","180043137","S","SFR/D","11017","Pallon Way   ","SD","","","$920,000","$367.71","6/2,0,1,0","2502/A","1974","","9/9","","N","2.5","09/06/18","SAND"
"1","180043129","S","SFR/D","1873","High Ridge Ave   ","CAR","","","$950,000","$556.21","3/2,0,0,0","1708/A","1986","","10/10","Y","Y","2.5","09/14/18","SAND"
"1","180043195","S","SFR/D","3965","Stella Maris Ln   ","CAR","","STD","$954,000","$471.34","4/3,0,0,0","2024/A","1966/ASR","","4/4","","N","2.5","08/29/18","SAND"
"1","180043618","S","CONDO/A","3772","Quarter Mile   ","SD","","","$992,000","$458.41","3/2,0,1,0","2164/P","2004","","13/47","","N","2.5","08/30/18","SAND"
"1","180043140","S","SFR/D","1557","Caudor   ","ENCS","","","$1,000,000","$676.13","3/2,0,0,0","1479/P","1973","","21/21","","N","2.5","09/10/18","SAND"
"1","180043326","S","SFR/D","6741","Golden Glen Ln   ","SD","","","$1,068,000","$479.14","4/2,0,1,0","2229/A","2014","","3/3","Y","N","2.5","09/06/18","SAND"
"1","180043169","S","SFR/D","13367","Grandvia Pt   ","SD","","","$1,115,000","$688.27","3/2,0,0,0","1620/P","1987","","6/6","Y","N","2.5","09/05/18","SAND"
"1","180043263","S","SFR/D","13950","Baileyana Ln   ","SD","","","$1,195,000","$449.92","4/3,0,0,0","2656/A","2016","","18/18","Y","N","2.25","09/05/18","SAND"
"1","180043341","S","SFR/D","917","Summer Holly Ln   ","ENCS","","","$1,575,000","$489.89","5/3,0,0,0","3215/","1988","","10/10","Y","Y","2.5","09/14/18","SAND"
"1","180043492","S","SFR/D","4635","Caminito San Sebastian   ","DEM","","","$1,595,000","$559.26","3/2,0,1,0","2852/A","1989","","10/168","","N","2.5","09/12/18","SAND"
"1","180043270","S","SFR/D","1329","Shorebird Lane   ","CAR","","","$1,950,000","$517.38","4/3,0,1,0","3769/A","2000/BLD","","5/5","Y","N","2.5","09/10/18","SAND"
"1","180043350","S","SFR/D","5364","Canterbury Drive   ","SD","","","$2,025,000","$520.16","4/4,0,1,0","3893/A","1955/ASR","","6/6","Y","Y","2.5","09/06/18","SAND"
"1","180043534","S","SFR/D","1241","Umatilla St   ","DEM","","","$2,320,000","$875.80","3/2,0,1,0","2649/A","1991/ASR","","16/16","","N","2.5","09/12/18","SAND"
"1","180043324","S","SFR/D","2222","Guy Street   ","SD","","","$2,400,000","$769.72","3/3,0,1,0","3118/A","2017/ASR","","17/17","Y","N","2.5","08/31/18","SAND"
"1","PW18189599","S","SFR/D","7069","Mariner WAY  ","LONG","1","STD","$711,000","$426.00","3/3,0,0,0","1669/A","1973/ASR","0.0537/2,338","4/4","N","N","2","08/27/18","CRMLSM"
"1","PW18190372","S","COOP/A","1642","Merion WAY M-2  #40A","SLB","1A","STD","$310,000","$387.50","2/1,0,0,0","800/E","1962/EST","","9/9","Y","Y","2.5","09/17/18","CRMLSM"
"1","TR18189255","S","CONDO/A","2222 9 E","2nd ST   #9","LONG","2","STD","$375,800","$548.61","1/1,0,0,0","685/A","1955/ASR","0.19/8,276","8/58","Y","N","2","09/11/18","CRMLSM"
"1","PW18188419","S","SFR/D","347","Argonne AVE  ","LONG","2","STD","$803,000","$976.89","2/1,1,0,0","822/AP","1923/ASR","0.0581/2,533","4/4","Y","N","2.5","08/24/18","CRMLSM"
"1","PW18189747","S","SFR/D","1392","Grand AVE  ","LONG","3","STD","$317,000","$720.45","2/1,0,0,0","440/A","1995/ASR","0.025/1,087","8/8","N","N","3","09/14/18","CRMLSM"
"1","PW18188662","S","SFR/D","1401","Park AVE  ","LONG","3","STD","$475,000","$583.54","2/1,0,0,0","814/A","1923/PUB","0.119/5,183","16/16","Y","N","2.5","09/07/18","CRMLSM"
"1","PW18190352","S","SFR/D","733","Walnut AVE  ","LONG","4","STD","$500,000","$462.11","2/1,0,0,0","1082/A","1920/ASR","0.1169/5,091","0/0","Y","N","2.5","09/10/18","CRMLSM"
"1","RS18190510","S","SFR/D","1621 E","Marshall PL  ","LONG","6","STD","$825,000","$524.81","3/2,0,1,0","1572/A","1948/ASR","0.1406/6,125","7/7","N","N","2.5","09/07/18","CRMLSM"
"1","OC18189554","S","SFR/D","2262","Roswell AVE  ","LONG","7","STD","$730,000","$298.94","4/3,0,0,0","2442/A","1943/ASR","0.1494/6,506","0/0","N","N","3","08/24/18","CRMLSM"
"1","PW18189754","S","SFR/D","1809","Saint Louis AVE  ","SIGH","8","STD","$520,000","$428.34","2/2,0,1,0","1214/A","1998/ASR","0.0408/1,776","5/5","Y","N","2.5","09/05/18","CRMLSM"
"1","OC18188513","S","CONDO/A","20371","Bluffside CIR   #106","HB","14","STD","$425,000","$555.56","1/1,0,0,1","765/A","1983/ASR","0.2295/9,999","13/13","Y","N","2.5","09/13/18","CRMLSM"
"1","OC18188258","S","SFR/A","10136","Holburn DR  ","HB","14","STD","$455,000","$473.96","2/1,0,1,0","960/A","1964/ASR","0.0147/640","5/5","Y","N","2.5","08/29/18","CRMLSM"
"1","NP18189098","S","CONDO/A","20152","Bayfront LN   #102","HB","14","STD","$540,000","$463.12","2/2,0,0,0","1166/D","1983/ASR","0/0","4/4","Y","N","2","09/06/18","CRMLSM"
"1","OC18189828","S","TWNHS/A","6021","Shadowbrook CIR  ","HB","15","STD","$888,000","$430.02","2/2,0,1,0","2065/A","1987/OTH","0.0362/1,575","24/24","Y","N","2.5","09/05/18","CRMLSM"
"1","NP18189577","S","CONDO/A","711","Pacific Coast    #212","HB","15","STD","$1,575,000","$1,627.07","2/1,0,1,0","968/A","1967/PUB","","9/146","Y","N","2.5","08/23/18","CRMLSM"
"1","OC18188547","S","SFR/D","10251","Circulo De Juarez   ","FV","16","STD","$1,990,000","$574.48","6/","3464/A","2017/ASR","0.1653/7,200","17/17","Y","N","2.25","09/07/18","CRMLSM"
"1","CV18190852","S","SFR/D","6922","Verlene CIR  ","HB","17","STD","$842,000","$520.40","3/2,0,0,0","1618/A","1963/ASR","0.1391/6,060","7/7","","N","2.25","08/30/18","CRMLSM"
"1","IV18189127","S","SFR/D","6261","Obispo AVE  ","LONG","23","STD","$489,900","$289.37","3/2,0,0,0","1693/A","1952/ASR","0.1458/6,351","3/3","N","N","2.5","08/14/18","CRMLSM"
"1","DW18188312","S","SFR/D","4638","Vangold AVE  ","LW","28","STD","$500,000","$405.84","3/1,0,0,0","1232/A","1955/ASR","0.1143/4,978","2/2","N","N","2500","08/03/18","CRMLSM"
"1","SB18189917","S","SFR/D","5906 E","Marita ST  ","LONG","34","STD","$657,000","$615.17","2/2,0,0,0","1068/A","1949/ASR","0.1447/6,305","1/1","Y","N","2","08/06/18","CRMLSM"
"1","PW18188629","S","SFR/D","10362","Hill RD  ","GG","62","STD","$645,000","$389.49","3/2,0,0,0","1656/A","1955/PUB","0.1733/7,548","12/12","N","N","2","09/05/18","CRMLSM"
"1","PW18189476","S ","SFR/D","12112","Brookhaven   ","GG","63","STD","$610,000","$435.71","3/2,0,0,0","1400/S","1954/ASR","0.2089/9,100","7/7","N","N","2.5","08/20/18","CRMLSM"
"1","OC18191153","S","CONDO/A","717 E","CHESTNUT AVE   #5","SA","69","STD","$300,000","$250.00","3/2,0,0,0","1200/P","1982/ASR","","2/2","N","N","2.5","08/31/18","CRMLSM"
"1","OC18189712","S","SFR/D","2327 E","Sycamore AVE  ","ORG","75","STD","$690,000","$544.16","3/2,0,0,0","1268/A","1960/ASR","0.21/9,148","6/6","Y","N","2","09/14/18","CRMLSM"
"1","18372434","S","SFR/D","999 S","FIREFLY DR  ","AH","77","STD","$940,000","$341.57","4/2,0,1,0","2752/O","1993/ASR","0.2583/11,250","4/4","Y","Y","3","09/14/18","CLAW"
"1","OC18189521","S","SFR/D","1640 W","Palais RD  ","ANA","79","STD","$700,000","$480.44","3/2,0,0,0","1457/A","1961/ASR","0.2266/9,870","12/12","Y","N","2","09/06/18","CRMLSM"
"1","PW18191071","S","SFR/D","1061 N","Reiser CT  ","ANA","79","STD","$780,000","$282.30","5/3,0,0,0","2763/A","2003/SLR","0.1207/5,257","13/13","Y","N","2.5","09/12/18","CRMLSM"
"1","PW18190676","S","SFR/D","7511","Black Star LN  ","LP","81","STD","$760,000","$348.94","4/2,1,0,0","2178/S","1969/EST","0.1033/4,500","10/10","N","N","2","09/05/18","CRMLSM"
"1","OC18188499","S","SFR/D","7317","El Prado WAY  ","BP","82","STD","$535,000","$509.52","3/1,0,0,0","1050/A","1957/ASR","0.1396/6,080","11/11","N","N","2.5","09/05/18","CRMLSM"
"1","OC18189196","S","TWNHS/A","8560","Stanton AVE  ","BP","82","STD","$650,000","$308.35","4/2,1,0,0","2108/B","2018/BLD","0/0","20/20","N","N","3","09/07/18","CRMLSM"
"1","IG18188225","S","SFR/D","2112 W","Gage AVE  ","FUL","83","STD","$535,000","$384.62","3/2,0,0,0","1391/A","1955/ASR","0.1756/7,649","7/7","Y","N","2","09/11/18","CRMLSM"
"1","PW18190801","S","SFR/D","1760","Island DR  ","FUL","83","STD","$988,800","$443.81","4/2,0,0,0","2228/A","1977/APP","0.2091/9,108","10/10","Y","N","2","09/14/18","CRMLSM"
"1","PW18190384","S","SFR/D","2946","Arboridge CT  ","FUL","83","STD","$1,298,000","$355.23","5/2,0,1,0","3654/A","2000/ASR","0.1719/7,490","9/9","N","N","2.5","09/14/18","CRMLSM"
"1","PW18188334","S","SFR/D","19752","Venecia LN  ","YL","85","STD","$775,000","$296.48","4/2,0,1,0","2614/A","1970/ASR","0.1465/6,380","11/11","N","Y","2.5","09/12/18","CRMLSM"
"1","PW18188918","S","SFR/D","5682","Club View DR  ","YL","85","STD","$1,515,000","$527.51","4/2,0,1,0","2872/A","1967/ASR","0.3517/15,322","0/0","Y","N","2.5","08/03/18","CRMLSM"
"1","CV18191175","S","SFR/D","395","Marina DR  ","BREA","86","STD","$708,000","$409.72","3/2,0,1,0","1728/A","2014/ASR","0.0646/2,814","9/9","Y","N","1*","09/17/18","CRMLSM"
"1","PW18190370","S","SFR/D","650","Mardina way   ","LH","87","STD","$575,000","$342.06","3/2,0,0,0","1681/B","1958/ASR","0.1818/7,920","13/13","N","N","2.5","09/17/18","CRMLSM"
"1","PW18190312","S","SFR/D","600","Ryan AVE  ","LH","87","STD","$650,000","$429.04","4/2,0,0,0","1515/A","1955/ASR","0.1723/7,504","5/5","N","N","2.25","09/13/18","CRMLSM"
"1","IG18190522","S","SFR/D","11916","Gale AVE  ","HAWT","108","STD","$670,000","$580.09","3/1,0,0,0","1155/A","1949/ASR","0.1372/5,978","9/9","N","N","2","09/07/18","CRMLSM"
"1","SB18189276","S","SFR/D","14727","Fonthill AVE  ","HAWT","111","STD","$643,000","$457.98","3/1,0,0,0","1404/A","1952/ASR","0.1356/5,907","16/16","Y","N","2.5","09/14/18","CRMLSM"
"1","SB18190701","S","SFR/D","1860 W","150th ST  ","GR","117","STD","$620,000","$548.19","3/1,0,0,0","1131/A","1944/APP","0.1371/5,974","8/8","N","N","2.5","09/13/18","CRMLSM"
"1","OC18189460","S","SFR/D","1323 W","169th PL  ","GR","119","STD","$670,000","$327.15","4/3,0,0,0","2048/A","1969/ASR","0.1172/5,105","12/12","N","N","2.5","09/17/18","CRMLSM"
"1","AR18188385","S","SFR/D","21132","Harvard BLVD  ","TORR","123","STD","$775,000","$428.89","3/2,0,0,0","1807/A","1949/ASR","0.1949/8,489","10/10","Y","N","3","08/31/18","CRMLSM"
"1","PV18188564","S","SFR/D","3655","Blair WAY  ","TORR","125","STD","$975,000","$479.82","3/2,0,1,0","2032/A","1976/ASR","0.1376/5,993","4/4","Y","Y","2.5","09/13/18","CRMLSM"
"1","318003136","S","SFR/A","24236","Walnut ST  ","TORR","126","STD","$755,000","$582.56","3/2,0,0,0","1296/A","1954/ASR","0.1555/6,775","7/7","N","N","2.5","08/31/18","ITECH"
"1","PW18188748","S","SFR/D","21509","Lostine AVE  ","CARS","136","STD","$505,000","$420.83","3/1,1,0,0","1200/A","1963/ASR","0.1423/6,198","7/7","N","N","2.5","09/07/18","CRMLSM"
"1","SB18190776","S","SFR/D","638 E","Elsmere DR  ","CARS","137","STD","$550,000","$331.93","3/2,0,0,0","1657/A","1964/ASR","0.1389/6,052","7/7","N","N","2.5","09/12/18","CRMLSM"
"1","PW18190083","S","SFR/D","2520 E","220th ST  ","CARS","140","STD","$495,000","$498.99","3/1,0,0,0","992/A","1946/ASR","0.1339/5,834","10/10","N","N","2.5","09/06/18","CRMLSM"
"1","SB18189862","S","SFR/D","508","Sierra PL  ","ES","141","STD","$1,200,000","$1,186.94","2/1,0,0,1","1011/A","1949/ASR","0.1781/7,756","9/9","Y","N","2.5","09/13/18","CRMLSM"
"1","SB18189056","S","SFR/D","3404","Gibson PL  ","REDO","151","STD","$855,875","$513.73","3/1,0,1,0","1666/A","1950/PUB","0.1389/6,051","0/0","N","N","2.5","08/28/18","CRMLSM"
"1","SB18189452","S","SFR/D","1928","Robinson ST  ","REDO","151","STD","$900,000","$1,125.00","2/1,0,0,0","800/A","1951/PUB","0.1191/5,187","3/3","N","N","2.5","08/03/18","CRMLSM"
"1","SB18191238","S","TWNHS/A","1912","Vanderbilt LN   #B","REDO","152","STD","$879,000","$459.73","4/3,0,0,0","1912/B","2006/ASR","0.1721/7,495","21/21","N","N","2.5","09/14/18","CRMLSM"
"1","SB18189275","S","CONDO/A","105 S","Irena AVE   #6","REDO","155","STD","$1,000,000","$551.27","3/3,0,0,0","1814/A","1980/ASR","0.2868/12,492","0/0","N","N","2.5","08/01/18","CRMLSM"
"1","PV18188517","S","SFR/D","2216","Via Guadalana   ","PVE","162","STD","$2,185,000","$869.82","4/1,2,1,0","2512/A","2011/SLR","0.227/9,888","3/3","Y","Y","2.5","09/07/18","CRMLSM"
"1","PV18190951","S","SFR/D","783","Gatun ST   #225","SP","193","STD","$705,000","$357.51","3/2,0,1,0","1972/A","2013/ASR","0.5111/22,262","5/5","N","N","3","09/14/18","CRMLSM"
"1","IV18188572","S","SFR/D","42690","Tierra Robles PL  ","TEM","201","STD","$375,000","$254.41","3/2,0,0,0","1474/A","1969/ASR","0.18/7,841","4/4","Y","N","2.5","08/31/18","CRMLSM"
"1","RS18188950","S","SFR/D","37149","Wild Rose LN  ","MUR","206","STD","$427,500","$207.52","4/2,0,0,0","2060/A","1994/ASR","0.24/10,454","3/3","Y","N","2.5","08/16/18","CRMLSM"
"1","SW18189079","S","SFR/D","40669","Via Diamante   ","MUR","207","STD","$500,000","$192.98","4/3,0,0,0","2591/A","1988/ASR","0.18/7,841","0/0","N","Y","0*","07/30/18","CRMLSM"
"1","SW18190732","S","SFR/D","25519","Day Lily DR  ","MUR","208","STD","$450,000","$241.29","3/2,0,0,0","1865/A","1988/ASR","0.33/14,375","6/6","Y","Y","2.5","09/07/18","CRMLSM"
"1","SW18188612","S","SFR/D","31502","Lilac Sky LN  ","MUR","208","STD","$514,999","$163.34","4/3,0,1,0","3153/A","2014/ASR","0.25/10,890","5/5","Y","N","2.5","09/10/18","CRMLSM"
"1","SW18188955","S","SFR/D","40146","Gallatin CT  ","TEM","209","STD","$453,000","$236.80","3/2,0,1,0","1913/A","2005/ASR","0.09/3,920","9/9","Y","N","2.5","09/05/18","CRMLSM"
"1","SW18190029","S","SFR/D","41758","Colonial CT  ","TEM","209","STD","$472,500","$231.96","3/2,0,0,0","2037/A","1997/ASR","0.13/5,663","5/5","Y","N","2.5","08/28/18","CRMLSM"
"1","SW18188897","S","SFR/D","29948","Corte Cantera   ","TEM","209","STD","$475,000","$231.48","3/2,0,0,0","2052/A","1988/ASR","0.22/9,583","0/0","Y","Y","2.5","09/04/18","CRMLSM"
"1","SW18190523","S","SFR/D","40332","Chantemar WAY  ","TEM","209","STD","$475,000","$195.71","5/3,0,0,0","2427/A","2001/ASR","0.14/6,098","16/16","Y","Y","2.5","09/04/18","CRMLSM"
"1","SW18189685","S","TWNHS/A","33432","Winston WAY   #B","TEM","213","STD","$368,500","$222.79","3/2,0,1,0","1654/S","2002/ASR","0.027/1,177","8/8","Y","N","2.5","09/14/18","CRMLSM"
"1","SW18190355","S","SFR/D","44994","Corte Zorita   ","TEM","213","STD","$550,000","$208.65","4/2,0,1,0","2636/AP","1993/ASR","0.2/8,712","2/2","Y","Y","2.25","09/17/18","CRMLSM"
"1","IV18189019","S","MANL/D","989","San Gorgonio WAY  ","HMT","223","STD","$140,000","$97.22","2/2,0,0,0","1440/A","1976/ASR","0.12/5,227","5/5","Y","N","3","08/29/18","CRMLSM"
"1","IV18188885","S","MANL/A","44521","Harvey WAY  ","HMT","223","STD","$215,000","$136.51","3/2,0,0,0","1575/A","1979/OTH","0.17/7,405","3/3","Y","N","2","09/11/18","CRMLSM"
"1","EV18188343","S","SFR/D","1019","Mill Iron WAY  ","SJCN","223","STD","$290,000","$164.03","4/2,0,0,0","1768/A","2002/ASR","0.13/5,663","2/2","Y","N","2","09/17/18","CRMLSM"
"1","IV18188704","S","SFR/D","2051","Caseros DR  ","SJCN","223","STD","$315,000","$124.06","4/2,0,1,0","2539/A","2006/ASR","0.16/6,970","3/3","Y","N","3","09/10/18","CRMLSM"
"1","SW18190433","S","SFR/D","7821","Armour DR  ","HMT","223","STD","$375,000","$181.07","2/2,0,0,0","2071/A","2006/ASR","0.13/5,663","3/3","Y","N","2.5","09/11/18","CRMLSM"
"1","SW18189205","S","SFR/D","27705","Calle Rabano   ","MENF","227","STD","$270,000","$241.94","2/2,0,0,0","1116/A","1992/ASR","0.09/3,920","1/1","N","N","2.5","09/14/18","CRMLSM"
"1","SW18190945","S","SFR/D","26793","Potomac DR  ","MENF","227","STD","$287,000","$235.63","2/2,0,0,0","1218/A","1987/PUB","0.17/7,405","5/5","Y","N","2.5","09/12/18","CRMLSM"
"1","SW18191091","S","SFR/D","29608","Tierra Shores LN  ","MENF","227","STD","$347,000","$191.29","2/2,0,0,0","1814/A","2006/ASR","0.12/5,227","7/7","Y","N","2.5","09/05/18","CRMLSM"
"1","SW18189746","S","SFR/D","29639","Avida DR  ","MENF","227","STD","$350,000","$239.73","4/2,0,0,0","1460/A","1991/PUB","0.17/7,405","11/11","N","Y","2.5","09/05/18","CRMLSM"
"1","IG18190900","S","SFR/D","31145","Ensemble DR  ","MENF","227","STD","$398,000","$171.70","3/2,0,0,0","2318/A","2006/ASR","0.21/9,148","7/28","N","N","2","09/07/18","CRMLSM"
"1","IV18190881","S","SFR/D","782","Abelia LN  ","PRS","229","STD","$364,900","$117.14","5/3,0,0,0","3115/A","2007/APP","0.18/7,841","15/15","Y","N","2","09/14/18","CRMLSM"
"1","AR18190829","S","SFR/A","36124","Madora DR  ","WILD","240","STD","$435,000","$152.95","4/3,0,0,0","2844/A","2004/ASR","0.17/7,405","10/10","Y","N","2","09/14/18","CRMLSM"
"1","SW18191043","S","SFR/D","19260","Pyramid CIR  ","LKEL","241","STD","$334,900","$242.68","3/2,0,0,0","1380/A","1989/ASR","0.17/7,405","13/13","Y","N","2.5","09/14/18","CRMLSM"
"1","IG18188959","S","SFR/D","2108","Glenhaven DR  ","COR","248","STD","$450,000","$297.62","4/2,0,0,0","1512/A","1985/ASR","0.29/12,632","6/6","Y","Y","2","08/31/18","CRMLSM"
"1","IG18189677","S","SFR/D","2486","Purdue CIR  ","COR","248","STD","$523,500","$311.24","3/2,0,0,0","1682/A","1997/ASR","0.41/17,860","6/6","N","N","2.5","09/11/18","CRMLSM"
"1","IG18190964","S","SFR/D","4621","Bluff ST  ","NORC","250","STD","$549,000","$334.14","4/2,0,0,0","1643/A","1975/ASR","0.5/21,780","7/7","Y","Y","2.5","09/13/18","CRMLSM"
"1","IG18188977","S","SFR/D","1659","Raquel RD  ","NORC","250","STD","$575,000","$330.08","3/2,0,0,0","1742/A","1969/ASR","0.49/21,344","9/9","Y","N","2.5","09/12/18","CRMLSM"
"1","IV18190059","S","SFR/D","4306","Kansas AVE  ","RVSD","252","STD","$310,000","$229.12","3/2,0,0,0","1353/A","1969/ASR","0.17/7,405","5/5","Y","N","2.5","09/07/18","CRMLSM"
"1","IV18188725","S","CONDO/A","7054","Poco Senda   ","RVSD","252","STD","$341,000","$170.50","3/2,0,1,0","2000/A","1978/ASR","0.03/1,307","5/5","Y","N","2.5","09/04/18","CRMLSM"
"1","IV18190342","S","SFR/D","7025","Miami ST  ","RVSD","252","STD","$352,500","$317.57","3/2,0,0,0","1110/A","1979/ASR","0.15/6,534","4/4","Y","N","2.5","08/31/18","CRMLSM"
"1","IV18188409","S","SFR/D","8553","Camelia DR  ","RVSD","252","STD","$365,000","$283.39","3/2,0,0,0","1288/A","1959/ASR","0.15/6,534","10/47","Y","Y","1.75","09/06/18","CRMLSM"
"1","IV18190598","S","SFR/D","1775","Vistoso DR  ","RVSD","252","STD","$380,000","$263.52","3/2,0,1,0","1442/A","2006/ASR","0.06/2,614","9/9","N","N","2.5","09/07/18","CRMLSM"
"1","IV18189471","S","SFR/D","6868","Holbrook WAY  ","RVSD","252","STD","$383,000","$309.37","3/2,0,0,0","1238/A","1976/ASR","0.16/6,970","1/1","Y","N","2","09/13/18","CRMLSM"
"1","IV18190245","S","SFR/D","13019","Reindeer CT  ","RVSD","252","STD","$410,000","$279.86","3/2,0,1,0","1465/A","1990/ASR","0.09/3,920","15/15","Y","N","2.5","09/06/18","CRMLSM"
"1","PW18189972","S","SFR/D","8704","Lodgepole LN  ","RVSD","252","STD","$466,000","$171.07","4/2,0,1,0","2724/A","2003/PUB","0.16/6,970","23/23","Y","N","2.5","09/07/18","CRMLSM"
"1","IV18190190","S","SFR/D","11146","Brooktrail CT  ","RVSD","252","STD","$532,500","$177.80","5/4,0,0,0","2995/A","2003/ASR","0.11/4,792","9/9","N","N","2","08/24/18","CRMLSM"
"1","18373146","S","SFR/A","17685","LAUREL GROVE RD  ","RVSD","252","STD","$660,000","$194.58","5/4,0,0,0","3392/","2004","1.02/44,431","36/48","Y","Y","2.5","09/13/18","CLAW"
"1","EV18189411","S","SFR/D","1277","Pennsylvania AVE  ","BMT","263","STD","$249,000","$297.49","2/1,0,0,0","837/A","1974/ASR","0.34/14,810","12/12","Y","N","3","09/17/18","CRMLSM"
"1","EV18188242","S","SFR/D","1677","Vasili LN  ","BMT","263","STD","$305,000","$221.98","3/2,0,0,0","1374/A","1989/ASR","0.21/9,148","4/4","N","N","2.5","08/29/18","CRMLSM"
"1","IV18191225","S","SFR/D","9839","Locust AVE  ","FONT","264","STD","$309,000","$305.34","2/1,0,0,0","1012/A","1950/ASR","0.551/24,000","4/4","Y","N","2.5","08/24/18","CRMLSM"
"1","CV18189106","S","SFR/D","14786","Foxfield LN  ","FONT","264","STD","$445,000","$304.17","4/2,0,0,0","1463/A","1996/ASR","0.1148/5,000","3/3","N","N","2","09/06/18","CRMLSM"
"1","IV18188512","S","SFR/D","11203","Joshua CT  ","FONT","264","STD","$460,000","$245.46","3/2,0,0,0","1874/A","2002/ASR","0.2071/9,020","8/8","Y","Y","2.5","09/12/18","CRMLSM"
"1","CV18189323","S","SFR/D","6351","Redhead WAY  ","FONT","264","STD","$467,500","$241.48","4/2,0,1,0","1936/A","2003/ASR","0.1433/6,240","4/98","Y","N","3","09/14/18","CRMLSM"
"1","EV18188927","S","SFR/D","13560","Meadow ST  ","YUCP","269","STD","$300,000","$208.33","4/1,0,1,0","1440/O","1963/ASR","0.243/10,584","16/58","Y","N","2.5","09/11/18","CRMLSM"
"1","EV18190838","S","SFR/D","35384","Bonita DR  ","YUCP","269","REO,HUD","$304,200","$142.42","3/3,0,0,0","2136/A","1961/ASR","0.2365/10,304","9/9","Y","N","3","08/30/18","CRMLSM"
"1","CV18190550","S","SFR/D","359 N","Magnolia AVE  ","RLT","272","STD","$223,000","$207.44","2/1,0,0,0","1075/A","1926/ASR","0.1598/6,960","2/3","N","N","3","08/17/18","CRMLSM"
"1","OC18190884","S","SFR/D","936 N","Verde AVE  ","RLT","272","STD","$315,000","$292.48","3/2,0,0,0","1077/A","1959/ASR","0.2022/8,808","8/103","Y","N","2.5*","08/30/18","CRMLSM"
"1","IV18188405","S","SFR/D","32940","Chipmunk LN  ","SB","274","STD","$135,000","$234.38","1/1,0,0,0","576/A","1945/ASR","0.062/2,700","17/17","Y","N","2.75","09/14/18","CRMLSM"
"1","OC18191108","S","CONDO/A","1974 E","Lynwood DR   #10B","SB","274","STD","$160,700","$129.91","2/1,0,1,0","1237/A","1979/ASR","0.0282/1,230","9/9","Y","N","2.5","09/14/18","CRMLSM"
"1","OC18189227","S","SFR/D","1348","Birch ST  ","SB","274","STD","$170,000","$183.19","2/1,0,0,0","928/A","1924/ASR","0.1435/6,250","14/14","N","N","2.75","09/10/18","CRMLSM"
"1","CV18190898","S","SFR/D","262 E","Kingman ST  ","SB","274","STD","$215,000","$235.75","3/1,0,0,1","912/A","1922/PUB","0.1435/6,250","10/10","N","N","2","09/13/18","CRMLSM"
"1","IV18189289","S","SFR/D","5632","Palomar AVE  ","SB","274","REO","$250,500","$176.41","3/2,0,0,0","1420/A","1961/ASR","0.2006/8,736","7/7","N","N","2.5","09/11/18","CRMLSM"
"1","IV18190585","S","SFR/D","1401","Crestview AVE  ","SB","274","STD","$265,000","$187.15","3/2,0,0,0","1416/A","1947/ASR","0.1653/7,200","2/2","Y","N","2.5","08/24/18","CRMLSM"
"1","CV18189922","S","SFR/D","7137","Del Rosa AVE  ","HLND","276","STD","$285,000","$156.16","3/1,0,0,0","1825/A","1946/ASR","0.326/14,200","0/0","N","N","2.5","08/17/18","CRMLSM"
"1","EV18190911","S","SFR/D","24347","Wabern DR  ","CRLN","286","STD","$360,000","$144.17","3/3,0,0,0","2497/A","1979/ASR","0.3361/14,640","9/9","Y","N","2.5","08/31/18","CRMLSM"
"1","EV18188424","S","SFR/D","31165","All View DR  ","RSA","288","STD","$255,000","$221.35","3/1,0,1,0","1152/A","1971/ASR","0.1956/8,520","3/3","Y","N","2.5","08/21/18","CRMLSM"
"1","218021732DA","S","SFR","78600","Via Corrido   ","LQ","313","STD","$405,000","$202.10","4/2,0,0,1","2004/A","1990/ASR","0.16/6,970","39/39","Y","Y","2.5","09/13/18","CDAR"
"1","218021912DA","S","CONDO","49336","Cochran DR  ","IND","314","STD","$174,500","$153.07","2/2,0,0,0","1140/A","1984/ASR","0.11/4,792","16/16","Y","Y","2.5","08/30/18","CDAR"
"1","218021954DA","S","SFR","51289","Tannerwalk CT  ","IND","314","STD","$707,500","$281.20","3/3,0,0,0","2516/A","2015/ASR","0.26/11,326","0/128","Y","Y","1","08/02/18","CDAR"
"1","218021870DA","S","SFR","53378","Calle Bonita   ","COA","315","STD","$240,000","$195.12","4/2,0,0,0","1230/A","1994/ASR","0.14/6,098","0/0","N","N","2.5","08/29/18","CDAR"
"1","218021834DA","S","SFR","84100","Bella Roma LN  ","COA","315","STD","$246,000","$187.21","4/2,0,0,0","1314/A","2015/ASR","0.14/6,098","32/32","N","N","3","09/10/18","CDAR"
"1","18371874PS","S","CONDO","119","LA CERRA DR  ","RM","321","STD","$265,101","$200.83","2/2,0,0,0","1320/","1975","0.03/1,307","1/1","Y","N","3","09/07/18","CLAW"
"1","218021980DA","S","SFR","19","Kevin Lee LN  ","RM","321","STD","$440,000","$200.36","3/2,1,0,0","2196/A","1981/ASR","0.14/6,098","18/146","Y","Y","2.5","09/11/18","CDAR"
"1","218022040DA","S","CONDO","43376","Cook ST   #215","PDST","324","STD","$165,000","$185.81","2/1,0,0,0","888/A","1987/ASR","0.0249/1,083","31/31","N","Y","2.5","09/14/18","CDAR"
"1","218022008DA","S","CONDO","2700","Golf Club DR   #31","PSPR","334","STD","$130,000","$146.89","2/2,0,0,0","885/A","1986/ASR","0.02/871","31/31","Y","Y","2","09/11/18","CDAR"
"1","18357430PS","S","CONDO","255 E","AVENIDA GRANADA    #212","PSPR","334","STD","$299,000","$249.58","2/2,0,0,0","1198/A","1985/ASR","0.04/1,742","8/8","Y","Y","3","09/12/18","CLAW"
"1","18353392PS","S","SFR/D","3833 E","CALLE SAN ANTONIO   ","PSPR","334","STD","$438,000","$348.73","3/2,0,0,0","1256/A","1946/ASR","0.15/6,534","3/3","Y","Y","3","09/05/18","CLAW"
"1","18372174PS","S","SFR/D","2101 S","MADRONA DR  ","PSPR","334","STD","$850,000","$307.64","3/2,0,1,0","2763/A","1974","0.23/10,019","4/4","Y","Y","3","08/31/18","CLAW"
"1","218021842DA","S","SFR","13135","Deodar AVE  ","DHS","340","REO","$128,000","$123.08","2/1,0,0,0","1040/A","1965/ASR","0.18/7,841","14/14","N","N","3","08/29/18","CDAR"
"1","AR18189953","S","CONDO/A","58 S","5th ST   #E","ALH","601","STD","$775,000","$440.34","4/2,1,1,0","1760/A","2011/APP","0.3339/14,544","11/11","N","N","2","09/10/18","CRMLSM"
"1","818003895","S","SFR/D","3201 W","Commonwealth AVE  ","ALH","601","STD","$837,000","$412.72","4/2,0,0,0","2028/P","1930/ASR","0.15/6,403","29/29","","","2.5","09/05/18","PFAR"
"1","818003865","S","SFR/D","775","Alberta ST  ","ALTA","604","STD","$835,000","$619.44","3/1,0,0,0","1348/T","1947/ASR","0.14/6,311","18/18","Y","","3","08/31/18","PFAR"
"1","818003916","S","SFR/D","9705","Ardendale AVE  ","ARCD","605","STD","$808,000","$594.12","3/1,1,0,0","1360/P","1953/ASR","0.15/6,407","13/13","","","2.5","08/31/18","PFAR"
"1","AR18190127","S","SFR/D","1033","Encino AVE  ","ARCD","605","STD","$1,050,000","$544.61","3/1,1,0,0","1928/A","1956/ASR","0.2186/9,522","11/11","N","N","2.5","09/10/18","CRMLSM"
"1","CV18189771","S","SFR/D","14027","Rockenbach ST  ","BDPK","608","STD","$460,000","$522.13","2/1,0,0,0","881/A","1947/PUB","0.1489/6,484","13/13","N","N","2","09/11/18","CRMLSM"
"1","18372184","S","SFR/D","1045 N","EVERGREEN ST  ","BBK","610","STD","$680,000","$769.23","2/1,0,0,0","884/","1939","0.1516/6,603","4/4","N","N","2.5","08/21/18","CLAW"
"1","SR18188240","S","TWNHS/A","1739","Camino De Villas   ","BBK","610","STD","$730,000","$515.54","2/1,1,1,0","1416/A","1974/ASR","0.0195/850","2/2","Y","N","2.5","08/28/18","CRIS"
"1","SR18188848","S ","SFR/D","429 S","Sparks ST  ","BBK","610","STD","$960,000","$814.94","2/1,0,1,0","1178/A","1941/ASR","0.152/6,619","5/5","N","N","2.5","08/30/18","CRIS"
"1","318003118","S","SFR/D","721 N","Priscilla LN  ","BBK","610","STD,AUC","$1,054,000","$567.89","3/1,1,0,0","1856/A","1941/ASR","0.1413/6,157","11/11","N","Y","2.5","09/07/18","ITECH"
"1","CV18188783","S","SFR/D","1553 E","Algrove ST  ","CVN","614","STD","$710,000","$312.09","4/2,0,1,0","2275/A","1957/ASR","0.2027/8,829","7/7","Y","Y","2.5","09/14/18","CRMLSM"
"1","18372094","S","SFR/D","3240","ANDRITA ST  ","LA","623","STD","$695,000","$367.14","3/2,0,1,0","1893/","1926","0.2205/9,603","13/13","N","N","2.5","08/31/18","CLAW"
"1","BB18190698","S","CONDO/A","215 N","Kenwood ST   #202","GD","628","STD","$520,000","$457.34","2/2,0,0,0","1137/A","1963/ASR","0.5182/22,571","7/7","Y","N","2.5","09/11/18","CRMLSM"
"1","18371966","S","CONDO","411","Piedmont AVE   #204","GD","628","STD","$616,000","$410.12","3/2,0,1,0","1502/","1991/ASR","0.3487/15,190","12/12","","N","2","09/14/18","CLAW"
"1","CV18190090","S","CONDO/A","3010","Montrose AVE   #30","GD","635","STD","$365,000","$512.64","1/1,0,0,0","712/A","1979/ASR","1.1923/51,938","8/8","Y","N","2.5","09/13/18","CRMLSM"
"1","818003899","S","SFR/D","5170","Finehill AVE  ","GD","635","STD","$1,027,000","$658.33","3/1,1,0,0","1560/P","1955/ASR","0.18/7,738","22/22","Y","","2.5","09/10/18","PFAR"
"1","318003071","S","SFR/D","2922","Oakendale PL  ","GD","635","STD","$1,285,000","$525.35","3/2,1,1,0","2446/T","1949/ASR","0.2382/10,374","7/7","N","Y","2.5","08/30/18","ITECH"
"1","818003890","S","SFR/D","3303","Park Vista DR  ","GD","635","STD","$1,393,900","$541.74","4/2,0,1,0","2573/P","1977/ASR","0.17/7,483","22/22","Y","Y","2.5","09/07/18","PFAR"
"1","AR18190529","S","CONDO/A","1618 S","Mayflower AVE   #B","MNRO","639","STD","$462,000","$414.35","2/2,0,1,0","1115/A","1989/ASR","0.6387/27,823","10/10","Y","N","2.5","09/11/18","CRMLSM"
"1","AR18190154","S","CONDO/A","202 W","Cypress AVE   #B","MNRO","639","STD","$540,000","$456.08","3/2,0,1,0","1184/A","1982/ASR","0.4633/20,183","2/2","N","N","3","09/06/18","CRMLSM"
"1","WS18190760","S","SFR/D","623 W","Colorado BLVD  ","MNRO","639","STD","$755,000","$577.22","3/2,0,0,0","1308/O","1948/ASR","0.1698/7,398","6/6","Y","N","2.5","09/12/18","CRMLSM"
"1","OC18190097","S","SFR/D","268","Stedman PL  ","MNRO","639","STD","$1,043,000","$803.54","3/2,0,0,0","1298/P","1924/PUB","0.1621/7,062","9/9","Y","N","2.5","09/14/18","CRMLSM"
"1","TR18189734","S","SFR/D","313 E","Gleason ST  ","MP","641","STD","$660,000","$488.89","3/1,0,0,0","1350/A","1948/PUB","0.1399/6,096","4/4","N","N","2","09/14/18","CRMLSM"
"1","IV18188566","S","SFR/D","1150","Armada DR  ","PAS","645","STD","$950,000","$624.59","3/2,0,0,0","1521/A","1949/ASR","0.1723/7,505","8/8","Y","N","2.5","08/31/18","CRMLSM"
"1","818003892","S","CONDO/A","125 S","Sierra Madre BLVD   #204","PAS","648","STD","$456,000","$388.09","2/1,1,0,0","1175/P","1979/ASR","0.73/31,660","42/42","","N","2.5","09/17/18","PFAR"
"1","DW18188407","S","CONDO/A","9010","Burke ST   #31","PR","649","STD","$400,000","$308.64","3/2,0,1,0","1296/A","1979/PUB","1.9859/86,506","11/11","N","N","2.5","09/13/18","CRMLSM"
"1","MB18189597","S","SFR/D","9101","Catherine   ","PR","649","STD","$649,000","$248.75","4/2,0,0,1","2609/B","2018/BLD","0.0845/3,679","2/2","Y","N","2","09/12/18","CRMLSM"
"1","WS18190544","S","CONDO/A","5215","Rosemead BLVD   #C","SGAB","654","NOD","$453,000","$344.22","3/2,0,1,0","1316/A","1984/ASR","0.8332/36,293","11/11","N","N","3","09/13/18","CRMLSM"
"1","818003907","S","SFR/D","1585","Kensington RD  ","SMRO","655","STD","$2,900,000","$973.81","4/3,0,0,0","2978/T","1948/ASR","0.33/14,387","21/21","Y","","2.5","09/17/18","PFAR"
"1","BB18190803","S","CONDO/A","10475","Newhome AVE   #4","SUNL","659","STD","$430,000","$401.87","2/0,1,1,0","1070/A","1979/ASR","8.5973/374,499","10/10","N","N","2.5","09/11/18","CRMLSM"
"1","CV18188435","S","SFR/D","354","Muirfield LN  NE","WAL","668","STD","$675,000","$462.96","3/2,0,0,0","1458/A","1987/ASR","0.1769/7,706","26/119","N","N","2","09/14/18","CRMLSM"
"1","TR18188922","S","SFR/D","1667 S","Lost Trail DR  ","WAL","668","STD","$1,000,000","$358.68","5/3,0,1,0","2788/A","1988/ASR","0.2145/9,345","9/63","Y","N","2","08/27/18","CRMLSM"
"1","PW18190252","S","SFR/D","10421","Memphis AVE  ","WH","670","STD","$510,000","$428.93","3/1,0,0,0","1189/A","1950/ASR","0.1501/6,538","4/4","N","N","2.5","09/10/18","CRMLSM"
"1","DW18191230","S","SFR/D","10627","Deveron DR  ","WH","670","STD","$560,000","$316.38","2/2,0,0,0","1770/A","1950/ASR","0.2613/11,382","8/8","N","N","2","09/12/18","CRMLSM"
"1","WS18189860","S","SFR/D","15541","Lodosa DR  ","WH","670","STD","$1,210,000","$325.88","5/2,2,0,0","3713/A","1976/ASR","0.326/14,202","4/4","Y","Y","2.5","09/14/18","CRMLSM"
"1","18372636","S","TWNHS","716","MALTMAN AVE   #5","LA","671","STD","$665,000","$609.53","2/2,0,1,0","1091/","1990","0.3444/15,000","7/7","Y","N","2.5","09/12/18","CLAW"
"1","18370532","S","SFR/D","1334","MCCOLLUM ST  ","LA","671","STD","$1,510,000","$1,152.67","3/3,0,0,0","1310/T","1924","0.1101/4,797","12/12","Y","N","2.5","08/31/18","CLAW"
"1","CV18189879","S","SFR/D","456","Concourse AVE  ","MTB","674","STD","$455,000","$404.44","2/1,0,0,0","1125/A","1948/ASR","0.1353/5,893","0/22","N","N","2.5","09/11/18","CRMLSM"
"1","818003885","S","CONDO/A","4499","Via Marisol    #234C","LA","676","STD","$467,500","$452.57","2/1,0,0,0","1033/","1981/SEE","5.11/222,455","39/39","Y","N","2.5","09/14/18","PFAR"
"1","18371520","S","SFR/D","4506","PALMERO DR  ","LA","680","STD","$1,307,500","$809.60","3/2,0,0,0","1615/","1939","0.1405/6,122","6/6","Y","N","2.5","08/31/18","CLAW"
"1","WS18189499","S","CONDO/A","13251","Obrion PL   #B","CH","681","STD","$299,000","$311.46","2/1,0,0,0","960/A","1972/ASR","0.023/1,000","13/13","Y","N","2.5","09/12/18","CRMLSM"
"1","IG18190722","S","SFR/D","13640","Clinton DR  ","CH","681","STD","$555,000","$302.45","4/3,0,0,0","1835/A","1986/ASR","0.1355/5,903","9/9","Y","N","2","09/14/18","CRMLSM"
"1","TR18190622","S","SFR/D","14145","Mountain AVE  ","CH","681","STD","$650,000","$216.96","4/3,0,0,0","2996/B","2017/SLR","0.1475/6,426","16/16","N","N","2.5","09/15/18","CRMLSM"
"1","CV18190509","S","SFR/D","4493","Los Serranos BLVD  ","CHH","682","STD","$335,000","$416.15","3/1,0,0,0","805/A","1942/ASR","0.1291/5,625","2/2","Y","N","2","08/31/18","CRMLSM"
"1","IV18188628","S","SFR/D","16369","Canon LN  ","CHH","682","STD","$385,000","$416.67","2/1,0,0,0","924/A","1961/PUB","0.1561/6,800","10/10","N","N","3","08/24/18","CRMLSM"
"1","TR18189725","S","SFR/A","4537","Bodega CT   #87","MCLR","685","STD","$280,000","$286.59","2/1,0,0,0","977/A","1980/ASR","0.0224/977","7/7","N","N","3","08/29/18","CRMLSM"
"1","OC18190188","S","CONDO/A","5154","June Mountain DR  ","MCLR","685","STD","$325,000","$227.91","3/2,0,1,0","1426/A","1980/ASR","0.0327/1,426","8/8","N","N","2","09/07/18","CRMLSM"
"1","TR18188753","S","SFR/D","608 S","Euclid AVE  ","ONT","686","STD","$310,000","$469.70","2/1,0,0,0","660/A","1914/ASR","0.0806/3,510","10/10","Y","N","2","09/15/18","CRMLSM"
"1","IV18190802","S","SFR/D","909 N","Glenn AVE  ","ONT","686","STD","$395,000","$329.17","4/2,0,0,0","1200/A","1962/ASR","0.1846/8,039","7/7","N","N","2.5","09/06/18","CRMLSM"
"1","CV18188929","S","SFR/D","650 W","Bonnie Brae CT  ","ONT","686","STD","$409,000","$377.65","3/1,0,0,0","1083/A","1952/ASR","0.1758/7,656","4/4","Y","N","2.5","08/28/18","CRMLSM"
"1","TR18190092","S","SFR/D","2552 S","Calaveras PL  ","ONT","686","STD","$420,000","$279.63","4/2,0,0,0","1502/A","1977/ASR","0.2355/10,260","3/3","Y","N","2","09/13/18","CRMLSM"
"1","SW18188822","S","SFR/D","3207 E","Olympic DR  ","ONT","686","STD","$468,888","$229.17","4/3,0,0,0","2046/B","2018/BLD","0.0634/2,760","7/7","N","N","2","08/31/18","CRMLSM"
"1","EV18189602","S","SFR/D","135 E","Arrow   ","POM","687","STD","$320,000","$441.99","2/1,0,0,0","724/A","1939/ASR","0.1492/6,500","4/4","Y","N","2.5","09/06/18","CRMLSM"
"1","CV18189899","S","SFR/D","1767","Cresthaven WAY  ","POM","687","STD","$482,000","$249.10","4/1,1,1,0","1935/A","1995/ASR","0.1187/5,169","7/7","N","N","2","09/13/18","CRMLSM"
"1","CV18189020","S","SFR/A","12441","Blazing Star CT  ","RCUC","688","STD","$425,000","$392.07","3/2,0,1,0","1084/A","1986/PUB","0.0846/3,686","22/22","Y","N","2","09/07/18","CRMLSM"
"1","IV18190165","S","SFR/D","16367","Menahka RD  ","APPV","APPV","STD","$283,500","$160.71","3/2,0,1,0","1764/A","1995/ASR","0.4132/18,000","4/4","N","N","2.5","09/14/18","CRMLSM"
"1","OC18191164","S","SFR/D","11019","Dandelion LN  ","APPV","APPV","STD","$353,400","$134.99","4/3,0,0,0","2618/A","2005/ASR","0.3098/13,493","17/17","Y","N","2.5","09/13/18","CRMLSM"
"1","OC18190557","S","CONDO/A","82","Cloudcrest   ","AV","AV","STD","$493,000","$444.14","2/1,1,0,0","1110/A","1989/ASR","0.0969/4,221","3/3","N","N","2.5","09/07/18","CRMLSM"
"1","OC18190778","S","TWNHS/A","2","Sobrante   ","AV","AV","STD","$549,000","$450.00","2/2,0,1,0","1220/A","1998/ASR","0.0574/2,500","7/7","Y","N","2.5*","08/24/18","CRMLSM"
"1","LG18190588","S","TWNHS/D","20","Estero Pointe   ","AV","AV","STD","$647,000","$431.33","3/2,0,1,0","1500/E","1998/ASR","","10/10","Y","N","2.5","09/07/18","CRMLSM"
"1","DW18189604","S","SFR/D","2729","Winter ST  ","LA","BOYH","STD","$410,000","$445.17","2/1,0,0,0","921/A","1921/ASR","0.1344/5,853","11/76","N","N","2.5","09/07/18","CRMLSM"
"1","18371970","S","SFR/D","1615 N","CURSON AVE  ","LA","C03","STD","$1,450,000","$835.73","3/2,0,0,0","1735/T","1919","0.1285/5,599","4/4","N","N","2.5","09/07/18","CLAW"
"1","18370312","S","SFR/D","727 N","BEVERLY GLEN   ","LA","C04","STD","$5,700,000","$1,111.54","4/5,0,1,0","5128/O","1949","0.597/26,004","22/89","Y","Y","2.5","08/31/18","CLAW"
"1","18370850","S","TWNHS/A","1220","MANNING AVE   #9","LA","C05","STD","$880,000","$632.18","2/2,0,1,0","1392/A","1974/ASR","0.4065/17,705","27/150","","N","2.5","09/10/18","CLAW"
"1","18372880","S","SFR/A","1835","OLD ORCHARD RD  ","LA","C06","STD","$4,479,650","$1,142.77","4/5,0,0,0","3920/A","1962","0.8022/34,943","6/6","Y","Y","2.5","09/06/18","CLAW"
"1","18371106","S","SFR/D","2424 S","HOLT AVE  ","LA","C09","STD","$1,030,000","$800.93","2/1,0,0,0","1286/","1931","0.1258/5,479","6/6","N","N","2.5","09/10/18","CLAW"
"1","PW18190349","S","SFR/D","1992","Kornat DR  ","CM","C1","STD","$1,650,000","$625.71","0/","2637/SEE","2018/SEE","0.1602/6,980","0/0","Y","N","2.5","08/20/18","CRMLSM"
"1","OC18188654","S","CONDO/A","862","Village Creek   ","CM","C3","STD","$415,000","$290.01","3/2,0,0,0","1431/A","1976/ASR","0.0329/1,431","6/6","Y","N","2.5","09/13/18","CRMLSM"
"1","NP18188868","S","DPLX/D","273 E","19th ST   #B","CM","C5","STD","$1,299,000","$839.15","4/2,0,0,0","1548/A","1944/PUB","0.15/6,534","14/14","Y","N","2","08/30/18","CRMLSM"
"1","SR18189444","S","CONDO/A","960","Larrabee ST   #214","WHO","C10","STD","$455,000","$661.34","1/1,0,0,0","688/A","1963/ASR","0.9046/39,404","5/5","N","N","2","09/10/18","CRIS"
"1","18373008","S","CONDO","4314","Marina City Drive    #1018","MR","C12","STD","$700,000","$492.26","2/1,1,0,0","1422/E","1972","","6/6","Y","Y","3","08/23/18","CLAW"
"1","18353106","S","CONDO","2454","4TH ST   #3","SM","C14","STD","$1,195,000","$1,195.00","2/2,0,0,0","1000/","1988","0.1642/7,153","10/10","Y","N","2.5","09/17/18","CLAW"
"1","18371876","S","SFR/A","1344","MONACO DR  ","PACPAL","C15","STD","$9,439,000","$1,569.50","6/5,0,0,0","6014/AP","1930","0.456/19,863","21/21","Y","Y","2.5","09/10/18","CLAW"
"1","18371864","S","SFR/D","2349 W","30TH ST  ","LA","C16","STD","$615,000","$457.59","3/1,0,0,0","1344/","1910","0.1146/4,994","10/10","N","N","2.5","08/31/18","CLAW"
"1","SB18190053","S","SFR/D","2831","Virginia RD  ","LA","C16","STD","$715,000","$503.52","3/2,0,0,0","1420/AP","1924/ASR","0.1201/5,232","11/11","N","N","2.5","09/04/18","CRMLSM"
"1","18372386","S","SFR/D","1795 W","24TH ST  ","LA","C16","STD","$940,000","$368.48","3/3,0,0,0","2551/","1908","0.1527/6,651","8/8","Y","N","3","09/07/18","CLAW"
"1","18372902","S","CONDO","3061 W","12TH PL   #406","LA","C17","STD","$543,000","$565.62","2/2,0,0,0","960/","2008","0.4179/18,203","41/41","","N","2.5","09/17/18","CLAW"
"1","18372180","S","SFR/A","11717","MCDONALD ST  ","CULV","C28","STD","$1,391,000","$963.96","3/2,0,0,0","1443/","1951/ASR","0.1148/5,001","16/16","","N","2.5","09/07/18","CLAW"
"1","18368092","S","CONDO","8600","Tuscany Avenue    #216","PDLR","C31","STD","$765,000","$654.97","2/2,0,0,0","1168/A","1981","1.5901/69,265","13/13","Y","","2.5","09/17/18","CLAW"
"1","18372140","S","CONDO","8601","FALMOUTH AVE   #207","PDLR","C31","STD","$805,000","$706.14","2/2,0,0,0","1140/A","1983","1.5713/68,446","11/11","Y","Y","2.5","09/12/18","CLAW"
"1","18371058","S","TWNHS","6430","LUNITA RD  ","MLBU","C33","STD","$1,470,000","$712.21","3/3,0,0,0","2064/","2000","0.6864/29,901","4/4","Y","Y","2.5","02/08/18","CLAW"
"1","18371050","S","TWNHS","6438","LUNITA RD  ","MLBU","C33","STD","$1,485,000","$719.48","3/2,0,1,0","2064/","2000","0.6864/29,901","34/34","Y","","2.5","04/24/18","CLAW"
"1","SR18190278","S","CONDO/A","5826","Bowcroft ST   #1","LA","C34","STD","$520,000","$596.33","2/1,0,1,0","872/A","1949/ASR","5.1627/224,886","7/7","Y","N","1*","08/24/18","CRIS"
"1","PW18190331","S","SFR/D","2315","Alsace AVE  ","LA","C34","STD","$650,000","$511.81","3/2,0,0,0","1270/A","1950/ASR","0.1101/4,798","11/11","Y","N","2.5","09/07/18","CRMLSM"
"1","IN18189680","S","SFR/A","739 E","79th ST  ","LA","C37","STD","$365,000","$290.14","3/2,0,0,0","1258/A","1926/ASR","0.1194/5,202","3/3","Y","N","2.5","09/03/18","CRMLSM"
"1","DW18189308","S","SFR/D","1225 E","54th ST  ","LA","C42","STD","$415,000","$314.87","3/2,0,0,0","1318/A","1905/ASR","0.1174/5,114","5/5","Y","N","2.5","09/14/18","CRMLSM"
"1","SR18190454","S","SFR/D","17443","Smoke Tree LN  ","CANC","CAN3","STD","$590,000","$261.99","4/2,0,1,0","2252/AP","2005/ASR","0.8141/35,464","1/82","N","N","2.5","08/28/18","CRIS"
"1","OC18190198","S","SFR/D","23696","Via Ortega   ","CDC","CC","STD","$870,000","$467.99","2/2,0,0,0","1859/E","1977/ASR","0.1515/6,600","12/12","Y","N","2.5","09/13/18","CRMLSM"
"1","AR18190555","S","CONDO/A","22210","James Alan CIR   #7","CHT","CHT","STD","$475,000","$271.89","3/3,0,0,0","1747/A","1970/ASR","2.336/101,758","6/6","Y","N","2.5","09/14/18","CRMLSM"
"1","SR18189968","S","SFR/D","19730","Romar ST  ","CHT","CHT","STD","$899,000","$335.32","4/3,0,0,0","2681/A","1968/ASR","0.2526/11,003","4/4","N","Y","2.5","09/11/18","CRIS"
"1","SR18189407","S","SFR/D","9651","Sagebrush AVE  ","CHT","CHT","STD","$1,430,000","$319.05","5/5,0,0,0","4482/A","2008/ASR","0.4517/19,677","14/14","Y","Y","2.5","09/04/18","CRIS"
"1","SR18190159","S","TWNHS/A","5964","Ruthwood DR  ","CLB","CLB","STD","$737,500","$366.55","3/3,0,0,0","2012/A","1989/ASR","4.3473/189,368","7/48","Y","N","2.5","08/31/18","CRIS"
"1","OC18188256","S","SFR/D","4410","Loren ST  ","CTER","CTER","STD","$410,000","$371.71","3/1,0,0,0","1103/A","1930/ASR","0.1045/4,554","0/0","Y","N","2.5","08/28/18","CRMLSM"
"1","RS18190854","S","CONDO/A","7318","Quill DR   #27","DOW","D3","STD","$397,000","$364.22","2/2,0,0,0","1090/A","1984/ASR","9.9426/433,101","9/9","Y","N","2","09/11/18","CRMLSM"
"1","JT18189716","S","SFR/D","56393","Coyote   ","YCCV","DC521","REO","$103,000","$64.94","3/2,0,0,0","1586/A","1965/ASR","0.1033/4,500","25/25","Y","Y","2.5","09/11/18","CRMLSM"
"1","PW18190185","S","SFR/D","72518","Cactus DR  ","29P","DC710","STD","$110,000","$95.99","3/2,0,0,0","1146/A","1980/ASR","0.1764/7,684","12/12","Y","N","2.5","09/04/18","CRMLSM"
"1","CV18188447","S","SFR/D","73414","Didsbury DR  ","29P","DC726","STD","$105,000","$64.50","3/2,0,0,0","1628/A","1934/ASR","2.17/94,525","10/10","Y","N","3","08/23/18","CRMLSM"
"1","818003872","S","SFR/D","6739","National Park DR  ","29P","DC726","STD","$218,500","$116.84","3/2,0,0,0","1870/P","1998/ASR","0.46/20,000","27/174","","","2.5","09/12/18","PFAR"
"1","JT18191115","S","SFR/D","79124","Valley Vista RD  ","29P","DC730","STD","$70,000","$122.38","1/1,0,0,0","572/A","1959/ASR","5/217,800","11/11","Y","N","3","09/13/18","CRMLSM"
"1","180043658","S","CONDO/A","510","4th","ENCS","ENCS","","$2,340,000","$1,315.35","2/2,0,1,0","1779/A","1979","","28/28","Y","","2.5","07/23/18","SAND"
"1","SW18189177","S","SFR/D","2301","Old Ranch RD  ","ESC","ESC","STD","$619,000","$254.00","3/2,0,1,0","2437/A","1998/ASR","0.1792/7,804","16/16","Y","N","2.5","09/12/18","CRMLSM"
"1","818003867","S","SFR/D","17130","Ludlow ST  ","GH","GH","STD","$615,000","$398.32","3/2,0,0,0","1544/P","1953/ASR","0.17/7,374","24/24","","","2.5","08/30/18","PFAR"
"1","218009819","S","SFR/D","16851","Tulsa ST  ","GH","GH","STD","$648,000","$379.39","3/2,0,0,0","1708/P","1953/ASR","0.17/7,579","29/29","","","2.5","09/11/18","VCRDS"
"1","SR18188934","S","CONDO/A","871","Crenshaw BLVD   #306","LA","HPK","STD","$757,000","$494.77","3/2,0,0,0","1530/A","2006/ASR","0.4584/19,970","7/71","Y","N","2.5","08/28/18","CRIS"
"1","CV18189006","S","SFR/D","18075","Willow ST  ","HSP","HSP","PRO","$165,001","$141.03","2/1,0,0,0","1170/A","1956/ASR","0.4477/19,500","31/31","Y","N","3","09/10/18","CRMLSM"
"1","IG18188933","S","SFR/D","17949","Westlawn ST  ","HSP","HSP","STD","$281,500","$175.72","3/2,0,0,0","1602/A","1964/ASR","0.4672/20,350","6/6","Y","N","2.5","09/10/18","CRMLSM"
"1","SR18188602","S","SFR/D","44542","Benald ST  ","LNCR","LAC","STD","$255,300","$162.20","4/2,0,0,0","1574/A","1972/ASR","0.1631/7,106","10/10","Y","N","2.5","09/14/18","CRIS"
"1","SR18189124","S","SFR/D","43417","Carpenter DR  ","LNCR","LAC","STD","$270,000","$175.10","4/2,0,0,0","1542/A","1989/ASR","0.1739/7,576","6/6","N","N","2.5","09/06/18","CRIS"
"1","SR18188373","S","SFR/D","43136","Darby ST  ","LNCR","LAC","STD","$285,000","$209.40","3/1,1,0,0","1361/A","2010/ASR","0.1549/6,747","7/7","N","N","2.5","09/12/18","CRIS"
"1","818003893","S","SFR/D","6056 W","Avenue K4   ","LNCR","LAC","STD","$364,000","$173.33","3/2,0,0,0","2100/P","2006/ASR","0.19/8,089","37/37","","","2.5","09/14/18","PFAR"
"1","SR18190503","S","SFR/D","6515 W","Avenue L7   ","LNCR","LAC","STD","$515,000","$145.93","6/4,0,0,0","3529/A","2005/ASR","0.4233/18,440","5/5","Y","Y","2.5","09/11/18","CRIS"
"1","180043539","S","CONDO/A","8350","Via Sonoma    #A","LAJ","LAJ","","$425,000","$682.18","1/1,0,0,0","623/A","1978","2.58/112,284","0/0","","N","2.5","08/10/18","SAND"
"1","OC18189831","S","TWNHS/A","503","San Nicholas CT  ","LB","LC","STD","$585,000","$422.99","2/2,0,1,0","1383/A","1986/PUB","","9/9","Y","N","3","09/06/18","CRMLSM"
"1","LC18189718","S","MANL/D","14875","Hillcrest AVE  ","CLEL","LCCLN","STD","$109,000","$85.69","2/2,0,0,0","1272/A","1985/ASR","0.1235/5,379","3/3","Y","N","2.5","08/31/18","CRMLSM"
"1","OC18189484","S","CONDO/A","92","Sansovino   ","LD","LD","STD","$469,000","$359.39","2/2,0,0,0","1305/A","2003/EST","0.0303/1,320","8/77","Y","N","3","09/12/18","CRMLSM"
"1","OC18190983","S","SFR/D","29232","Via San Sebastian   ","LN","LNSEA","STD","$849,000","$506.87","4/2,0,0,0","1675/A","1968/ASR","0.2589/11,277","6/6","N","N","3","08/27/18","CRMLSM"
"1","OC18188946","S","CONDO/A","31648 W","Nine DR   #F116","LN","LNSLT","STD","$589,000","$483.18","3/2,0,0,0","1219/A","1971/ASR","","3/3","Y","N","2.5","08/28/18","CRMLSM"
"1","OC18189823","S","SFR/A","72","Siena   ","LN","LNSLT","STD","$1,030,000","$432.96","3/2,0,1,0","2379/B","1990/PUB","0.2297/10,004","0/0","Y","N","2.5","09/14/18","CRMLSM"
"1","OC18189449","S","SFR/A","22832","Monteago RD  ","LN","LNSMT","STD","$699,900","$499.93","2/1,1,0,0","1400/B","1976/ASR","0.0648/2,822","10/10","Y","N","2.5","09/14/18","CRMLSM"
"1","OC18189189","S","CONDO/A","23302","Orange AVE   #3","LF","LS","STD","$335,000","$353.75","2/2,0,0,0","947/A","1980/ASR","0.0344/1,500","14/14","N","N","2.5","09/17/18","CRMLSM"
"1","DW18188809","S","SFR/D","9514","Millergrove DR  ","SFS","M2","STD","$390,000","$437.71","2/1,0,0,0","891/A","1950/ASR","0.1289/5,617","22/22","N","N","2.5","09/07/18","CRMLSM"
"1","PW18190264","S","SFR/D","15005","Crosswood RD  ","LAM","M3","STD","$625,000","$338.94","4/2,0,0,0","1844/A","1955/ASR","0.1437/6,260","5/5","N","N","2.5","09/13/18","CRMLSM"
"1","BB18189722","S","SFR/D","14648","Hiawatha ST  ","MH","MHL","STD","$505,000","$349.72","3/2,0,0,0","1444/A","1955/ASR","0.1728/7,525","3/3","Y","N","2","09/11/18","CRMLSM"
"1","18362336","S","CONDO","2113","Meridian BLVD   #108","MMTH","MMTH","STD","$270,000","$270.00","1/1,0,0,0","1000/A","","","12/12","Y","","2.5","09/13/18","CLAW"
"1","SC18188297","S","SFR/D","697","Piney WAY  ","MRBY","MRBY","STD","$780,000","$369.32","3/2,0,1,0","2112/A","1999/PUB","0.0439/1,914","9/9","Y","N","2.5","09/12/18","CRMLSM"
"1","218009801","S","SFR/D","3903","Rodene ST  ","NPK","NBPK","STD","$697,000","$301.34","4/2,0,1,0","2313/P","2000/ASR","0.08/3,589","25/25","","","3","08/31/18","VCRDS"
"1","OC18188765","S","CONDO/A","48","Modesto    #72","IR","NK","STD","$830,000","$435.92","3/2,0,1,0","1904/A","2000/EST","0/0","9/9","N","N","2.5","09/05/18","CRMLSM"
"1","CV18191157","S","SFR/D","13658","Gilbert ST  ","NOED","NOED","STD","$69,500","$70.63","3/1,0,0,0","984/A","1957/PUB","0.2173/9,467","2/2","Y","N","3","08/30/18","CRMLSM"
"1","PI18188568","S","SFR/D","1164","Osage ST  ","NPMO","NPMO","STD","$700,000","$299.15","3/2,0,1,0","2340/A","1992/PUB","1/43,560","13/13","Y","N","2.25","09/13/18","CRMLSM"
"1","OC18188595","S","SFR/D","13762","Winthrope ST  ","NTUS","NTS","STD","$775,000","$441.60","3/2,0,1,0","1755/A","1956/ASR","0.231/10,063","11/11","N","Y","2.5","09/14/18","CRMLSM"
"1","NP18191149","S","CONDO/A","160","Woodburne   ","NB","NV","STD","$809,000","$622.31","2/2,0,0,0","1300/E","1985/EST","0/0","11/11","Y","N","3","09/14/18","CRMLSM"
"1","SW18190497","S","CONDO/A","838","Pillar Point WAY  ","OCE","OCE","STD","$330,000","$298.91","2/1,0,1,0","1104/A","1986/PUB","2.6792/116,707","11/11","N","N","3","08/30/18","CRMLSM"
"1","PI18189653","S","SFR/D","3827","Les Maisons DR  ","SMIA","OREA","STD","$426,500","$260.22","3/2,0,0,0","1639/A","1996/PUB","0.11/4,792","10/10","Y","N","2.5","09/06/18","CRMLSM"
"1","SR18189136","S","SFR/D","8001","Saloma AVE  ","PC","PC","PRO","$440,000","$427.18","3/1,0,0,0","1030/A","1954/ASR","0.1263/5,501","5/5","Y","N","2.5","09/07/18","CRIS"
"1","IV18189795","S","SFR/D","12371","Riggins RD  ","PHEL","PHEL","STD","$270,000","$166.36","4/2,0,0,0","1623/A","1992/ASR","2.27/98,881","9/9","Y","N","2.5","09/07/18","CRMLSM"
"1","18371624","S","SFR/D","4445 W","64TH ST  ","LA","PHHT","STD","$831,000","$532.69","3/3,0,0,0","1560/O","1938","0.1607/7,002","12/12","Y","N","2.5","09/14/18","CLAW"
"1","PW18190275","S","SFR/D","4171 S","Cloverdale AVE  ","LA","PHHT","STD","$1,150,000","$473.06","3/2,0,0,0","2431/A","1973/ASR","0.2507/10,919","25/25","Y","N","2.5","09/05/18","CRMLSM"
"1","TR18190405","S","SFR/D","4359","Saddleback RD  ","PDL","PLM","STD","$243,000","$156.88","3/2,0,0,0","1549/A","1990/ASR","0.2082/9,068","19/19","Y","N","2","09/05/18","CRMLSM"
"1","SR18190040","S","SFR/A","37602","Patty CT  ","PDL","PLM","STD","$265,000","$209.65","3/2,0,0,0","1264/A","1987/ASR","0.19/8,276","17/17","N","N","2.5","08/30/18","CRIS"
"1","18372356","S","TWNHS/A","20424","PASEO CRESTA   ","NR","PORA","STD","$565,000","$428.03","2/2,0,1,0","1320/","2010","0.8384/36,521","9/120","Y","Y","2.5","09/12/18","CLAW"
"1","NS18189609","S","SFR/D","535","Peachy CT  ","PSOR","PRIC","STD","$530,000","$347.31","3/2,0,1,0","1526/A","1998/PUB","0.1755/7,646","3/3","N","N","3","09/04/18","CRMLSM"
"1","OC18190820","S","CONDO/A","166","Borrego   ","IR","PS","STD","$745,000","$411.60","3/2,0,1,0","1810/B","2013/ASR","","2/2","Y","N","2","09/10/18","CRMLSM"
"1","OC18189285","S","CONDO/A","1","Via Tortuga   ","RSM","R1","STD","$410,000","$405.94","2/2,0,0,0","1010/A","1986/ASR","0.0232/1,010","8/8","Y","Y","2.5","08/31/18","CRMLSM"
"1","OC18189406","S","SFR/A","5","Calle Bella   ","RSM","R2","STD","$605,000","$462.89","3/2,0,1,0","1307/A","1994/ASR","0.0781/3,400","1/1","N","N","2.5","08/02/18","CRMLSM"
"1","SR18189784","S","SFR/D","19207","Valerio ST  ","RES","RES","STD","$600,000","$324.50","4/3,0,0,0","1849/A","1925/ASR","0.1841/8,021","1/1","Y","N","2.5","08/21/18","CRIS"
"1","IN18190807","S","TWNHS/A","6535","72nd ST   #2","PAR","RK","STD","$370,000","$287.71","3/3,0,0,0","1286/A","1992/ASR","0.7642/33,288","10/10","N","N","2","08/31/18","CRMLSM"
"1","OC18189838","S","CONDO/A","24408","Kingston CT   #79","LAGH","S2","STD","$430,000","$419.10","2/2,0,0,0","1026/B","1985/ASR","0.0344/1,500","8/8","Y","N","2.5","08/28/18","CRMLSM"
"1","18371344","S","CONDO","3320","Brittan Ave    #8","SAC","SAC","STD","$1,000,000","","2/2,0,0,0","/","1973","","7/7","","Y","2.5*","08/01/18","CLAW"
"1","18372972","S","SFR/D","1038","57TH ST  ","SD","SD","STD","$480,000","$387.10","3/2,0,0,0","1240/","1958","0.1377/6,000","12/12","N","N","2.5","08/29/18","CLAW"
"1","18372766PS","S","CONDO","601","Van Ness    #429","SFO","SFO","STD","$570,000","","1/1,0,0,0","/","","","1/1","","Y","2.5","09/17/18","CLAW"
"1","SP18189995","S","SFR/D","1516","Eto CIR  ","SLO","SLO","STD","$834,000","$412.06","4/3,0,0,0","2024/A","2004/PUB","0.139/6,056","3/3","Y","N","2.5","09/07/18","CRMLSM"
"1","PI18190156","S","SFR/D","517 W","Harding AVE  ","SMIA","SMNW","STD","$325,000","$305.45","3/1,0,1,0","1064/A","1958/PUB","0.14/6,098","5/5","Y","N","2.5","08/31/18","CRMLSM"
"1","NS18188582","S","CONDO/A","499 E","Newlove DR   #G","SMIA","SMSE","STD","$275,000","$185.31","3/2,0,1,0","1484/A","1984/PUB","0.0133/578","40/40","Y","N","2","09/06/18","CRMLSM"
"1","OC18189482","S","SFR/A","460","Plaza Estival   ","SC","SN","STD","$589,900","$357.30","3/2,0,1,0","1651/A","1977/ASR","0.0362/1,575","10/10","Y","N","2.5","08/31/18","CRMLSM"
"1","ML81717837","S","SFR/D","248","West ST  ","SOLE","SOLE","","$245,000","$144.29","6/2,0,0,0","1698/A","1940","0.17/7,500","10/10","","","2","08/30/18","MLSL"
"1","18372068","S","CONDO","12633","MOORPARK ST   #208","STUD","STUD","STD","$640,000","$444.44","2/2,0,0,0","1440/","1992","0.7933/34,556","12/12","N","Y","2.5","08/30/18","CLAW"
"1","18372646","S","CONDO","4237","LONGRIDGE AVE   #106","STUD","STUD","STD","$799,000","$448.88","3/3,0,0,0","1780/","2007","0.3985/17,358","7/7","N","N","2.5","09/14/18","CLAW"
"1","SR18188529","S","SFR/D","11357","Hendley DR  ","STUD","STUD","STD","$1,342,000","$550.00","4/1,2,0,0","2440/A","1952/ASR","0.1134/4,939","9/9","Y","N","2.5","09/14/18","CRIS"
"1","SR18190201","S","SFR/D","11144","Valley Spring PL  ","STUD","STUD","STD","$1,525,000","$621.18","4/3,0,0,0","2455/A","1939/ASR","0.2532/11,030","4/4","Y","N","2.5","08/28/18","CRIS"
"1","SR18188658","S","SFR/D","13224","Community ST  ","SUNV","SUNV","STD","$626,000","$446.50","4/2,0,0,0","1402/A","1955/ASR","0.1635/7,123","5/5","N","N","2.5","09/07/18","CRIS"
"1","SR18188589","S","SFR/D","5087","Copper Ridge CT  ","SIM","SVE","STD","$1,550,000","$284.82","5/5,0,1,0","5442/O","2005/ASR","0.7881/34,331","2/2","Y","Y","2.5","08/27/18","CRIS"
"1","218009877","S","TWNHS/A","2731","Erringer RD   #49","SIM","SVW","STD","$375,000","$400.64","1/1,0,0,0","936/P","1990/ASR","0.01/387","17/17","Y","N","2.5","09/07/18","VCRDS"
"1","218009874","S","SFR/D","669","Noble RD  ","SIM","SVW","STD","$1,445,000","$351.41","5/4,0,1,0","4112/P","2000/ASR","0.81/35,281","15/15","","N","2.5","08/20/18","VCRDS"
"1","DW18188270","S","SFR/D","10201","San Jose AVE  ","SOG","T2","STD","$385,000","$337.13","3/2,0,0,0","1142/A","1939/ASR","0.1053/4,588","0/0","N","N","1","08/03/18","CRMLSM"
"1","SR18188267","S ","CONDO/A","18645","Hatteras ST   #296","TAR","TAR","STD","$300,000","$395.78","1/1,0,0,0","758/A","1973/ASR","5.2818/230,076","8/8","Y","N","3","08/30/18","CRIS"
"1","SR18190395","S","SFR/D","18237","Margate ST  ","TAR","TAR","STD","$699,950","$523.91","3/2,0,0,0","1336/A","1954/ASR","0.199/8,668","1/1","N","N","2.5","09/11/18","CRIS"
"1","SW18188600","S","SFR/D","705","Greenwich DR  ","TO","TOE","STD","$515,000","$447.83","2/2,0,0,0","1150/E","1961/ASR","0.0884/3,849","3/3","N","N","2.5","09/05/18","CRMLSM"
"1","18368868","S","SFR/D","4647","ARCOLA AVE  ","TUL","TUL","STD","$3,000,000","$533.14","8/6,0,1,0","5627/O","1939/ASR","0.31/13,502","6/6","N","Y","2.5","08/03/18","CLAW"
"1","SR18188530","S","SFR/D","23659","Via Clasico   ","VAL","VAL1","STD","$560,000","$404.62","3/2,0,0,0","1384/A","1971/ASR","0.1382/6,018","8/8","N","Y","2.5","08/21/18","CRIS"
"1","180043635","S","SFR/D","13256","Jasper Springs Dr   ","VC","VC","","$860,000","$245.85","5/3,0,1,0","3498/A","2005","4.63","1/58","","Y","2.5","08/08/18","SAND"
"1","218009846","S","SFR/D","3601","Miramar WAY  ","OXN","VC33","STD","$510,000","$340.91","3/2,0,0,0","1496/P","1969/ASR","0.14/6,000","24/24","","","2.5","09/07/18","VCRDS"
"1","218009839","S","TWNHS/A","5200","Columbus PL  ","OXN","VC34","STD","$328,000","$325.07","2/2,0,0,0","1009/P","1991/ASR","0.03/1,230","28/28","","N","2.5","09/12/18","VCRDS"
"1","218009814","S","CONDO/A","3053","Shenandoah DR  ","OXN","VC36","STD","$424,000","$253.89","3/2,0,1,0","1670/P","2006/ASR","0.03/1,111","24/24","Y","","2.5","09/04/18","VCRDS"
"1","218009803","S","CONDO/A","259","Riverdale CT   #237","CAM","VC45","STD","$345,000","$446.89","1/1,0,0,0","772/P","2006/ASR","0.03/1,140","26/26","","N","2.5","08/31/18","VCRDS"
"1","218009866","S","SFR/A","4949","Alta Colina RD  ","CAM","VC45","PRO","$480,000","$294.30","3/2,0,0,0","1631/P","1979/ASR","0.17/7,405","28/28","","","2.5","09/12/18","VCRDS"
"1","18372688","S","SFR/D","5738","MAMMOTH AVE  ","VNS","VG","STD","$765,000","$704.42","2/1,0,0,0","1086/","1935","0.1651/7,191","9/9","N","N","2.5","08/31/18","CLAW"
"1","IG18190956","S","SFR/D","16557","Jasmine ST  ","VTVL","VIC","STD","$250,000","$159.85","4/2,0,0,0","1564/A","2009/ASR","0.2059/8,970","6/6","Y","N","2.5","08/27/18","CRMLSM"
"1","CV18190947","S","SFR/D","14829","Aloe RD  ","VTVL","VIC","STD","$318,000","$102.61","4/2,0,1,0","3099/A","2001/ASR","0.2066/9,000","11/11","Y","N","2.5","09/12/18","CRMLSM"
"1","SR18188239","S","SFR/D","6546","Orion AVE  ","VNS","VN","STD","$1,041,500","$535.75","3/2,0,0,0","1944/AP","1950/ASR","0.2593/11,293","1/1","Y","Y","2.5","08/29/18","CRIS"
"1","18372430","S","SFR/D","4943","WESTPARK DR  ","VVL","VVL","STD","$930,000","$600.78","2/3,0,1,0","1548/","1933","0.1943/8,463","16/16","Y","Y","2.5","09/14/18","CLAW"
"1","PW18189052","S","CONDO/A","547","Springbrook   N #73","IR","WB","STD","$585,000","$497.45","2/2,0,1,0","1176/A","1984/ASR","","5/5","Y","N","2.5","08/27/18","CRMLSM"
"1","OC18190974","S","TWNHS/A","111","Chantilly   ","IR","WD","STD","$840,000","$422.75","3/2,0,1,0","1987/A","2005/ASR","","18/18","Y","N","2","09/11/18","CRMLSM"
"1","OC18189121","S","CONDO/A","58","Plantation   ","IR","WD","STD","$938,988","$422.59","3/3,0,0,0","2222/E","2006/PUB","0/0","9/9","Y","N","3","08/24/18","CRMLSM"
"1","SR18188422","S","SFR/D","23106","Lanark ST  ","WEH","WEH","STD","$700,000","$374.93","3/2,0,0,0","1867/A","1962/ASR","0.1772/7,719","9/9","N","N","2.5","09/13/18","CRIS"
"1","318003171","S","CONDO/A","5240","Premiere Hills CIR   #217","WHLL","WHLL","STD","$530,000","$382.12","2/2,0,1,0","1387/A","2000/ASR","5.5892/243,466","34/34","Y","Y","2.5","09/14/18","ITECH"
"1","SR18191143","S","TWNHS/A","21900","Marylee ST   #292","WHLL","WHLL","STD","$675,000","$306.82","3/3,0,0,0","2200/A","1979/ASR","11.3363/493,810","4/4","Y","N","2.5","09/07/18","CRIS"
"1","SR18189427","S","SFR/D","20261","Haynes ST  ","WIN","WIN","STD","$560,000","$324.83","3/1,1,0,0","1724/A","1958/ASR","0.1722/7,500","5/5","Y","Y","2.5","09/10/18","CRIS"
"1","18372518","S","CONDO","12222","WILSHIRE    #202","LA","WLA","STD","$735,000","$884.48","2/2,0,0,0","831/","1996","0.6295/27,420","18/18","N","Y","2.5","09/10/18","CLAW"
"1","18368236","S","TWNHS/D","11605","MISSISSIPPI AVE  ","LA","WLA","STD","$1,350,000","$600.53","3/2,0,1,0","2248/","1994/ASR","0.4146/18,062","7/7","","N","2.5","08/31/18","CLAW"
"1","CV18188349","S","SFR/D","1310","Helen ST  ","WRIW","WRWD","STD","$220,000","$343.75","2/1,0,0,0","640/A","1976/ASR","0.1148/5,000","12/12","Y","N","3","09/12/18","CRMLSM"
"1","ML81717865","S","CONDO","156","Kings HWY   #24","OA","699","","$335,000","$514.59","1/1,0,0,0","651/A","1971","0.01/697","15/15","","","2.5","09/05/18","MLSL"
"1","218009817","S","SFR/D","125","Comstock DR  ","VENT","699","STD","$371,000","$524.01","2/1,0,0,0","708/P","1940/ASR","0.12/5,379","32/106","","","2.5","09/04/18","VCRDS"
"1","ML81717585","S","SFR/D","46204","Meadowbrook DR  ","KING","699","","$375,000","$234.38","4/2,0,0,0","1600/G","1990","0.13/6,000","4/10","","","2.5","09/06/18","MLSL"
"1","ML81717516","S","SFR/A","790","Alvarado DR  ","SLNA","699","","$450,000","$268.50","4/2,0,0,0","1676/A","1980","0.08/3,551","6/6","","","2.5","09/14/18","MLSL"
"1","SW18188939","S","SFR/D","32736","Cottonwood RD  ","WINC","699","STD","$474,900","$122.18","6/5,0,1,0","3887/A","2004/ASR","0.17/7,405","6/6","Y","N","2.5","09/13/18","CRMLSM"
"1","ML81717930","S","SFR/D","1171","Christopher CT  ","HLST","699","","$475,000","$328.04","3/2,0,0,0","1448/A","1991","0.14/6,168","8/8","","","2.5","09/07/18","MLSL"
"1","ML81717620","S","SFR/D","1526","Little River DR  ","SLNA","699","","$485,000","$339.87","3/2,0,0,0","1427/A","1999","0.09/4,182","8/8","","","2.25","08/31/18","MLSL"
"1","ML81717633","S","SFR/D","1568","Cottonwood DR  ","SLNA","699","","$535,000","$247.69","4/2,0,1,0","2160/A","2000","0.14/6,173","4/4","","","2","08/22/18","MLSL"
"1","ML81717566","S","CONDO","890","Catkin CT  ","SJOS","699","","$570,000","$866.26","1/1,0,0,0","658/A","1988","0.01/786","5/5","","Y","2.5","09/07/18","MLSL"
"1","ML81717811","S","CONDO","6995","Rodling DR   #G","SJOS","699","","$581,000","$683.53","2/2,0,0,0","850/A","1992","0.02/943","12/12","","Y","2.5","09/14/18","MLSL"
"1","ML81717564","S","CONDO","88","Jackson AVE   #510","SJOS","699","","$590,000","$558.71","2/2,0,0,0","1056/A","2006","0.02/1,120","6/6","","","2.5","08/28/18","MLSL"
"1","180043726","S","SFR/D","24803","Pappas   ","RAM","699","","$635,000","$261.86","4/2,0,1,0","2425/D","2018/BLD","","96/96","Y","N","2.5","08/06/18","SAND"
"1","ML81717787","S","SFR/D","625","California ST  ","WATS","699","","$660,000","$420.38","3/2,0,0,0","1570/A","1933","0.12/5,489","17/17","","","2.5","09/17/18","MLSL"
"1","ML81717670","S","SFR/D","8050","Teichman CT  ","SLNA","699","","$665,000","$302.14","3/2,0,1,0","2201/A","1998","1.1/47,916","13/13","","","2.5","09/06/18","MLSL"
"1","ML81717678","S","CONDO","1550","Frontera WAY   #319","MILB","699","","$680,000","$890.05","1/1,0,0,0","764/A","1973","3.32/144,626","13/13","","Y","2.5","09/10/18","MLSL"
"1","ML81717940","S","CONDO","5376","Colony Field DR  ","SJOS","699","","$680,000","$525.50","2/2,0,1,0","1294/A","1984","0.02/892","8/8","","","2.5","09/03/18","MLSL"
"1","ML81717825","S","TWNHS","138","Shelter Lagoon DR  ","STCZ","699","","$690,000","$455.45","3/2,0,0,0","1515/A","1974","0.02/871","11/11","","Y","2.5","09/11/18","MLSL"
"1","ML81717658","S","CONDO","111","Piccadilly PL   #B","SNBR","699","","$735,000","$851.68","2/1,0,0,0","863/A","1971","0.02/1,000","14/14","","Y","2.5","09/03/18","MLSL"
"1","ML81717888","S","SFR/D","217","Clearview PL  ","OA","699","","$750,000","$502.34","2/1,0,1,0","1493/A","1964","0.29/12,981","14/14","","","2.5","09/12/18","MLSL"
"1","ML81717645","S","SFR/D","119","Delmas AVE  ","SJOS","699","","$785,000","$719.52","2/1,0,0,0","1091/A","1906","0.1/4,729","6/6","","","2.5","08/21/18","MLSL"
"1","ML81717829","S","SFR/D","1411","Swallow LN  ","GILR","699","STD","$815,000","$430.99","4/3,0,0,0","1891/A","1996","0.14/6,390","0/0","","","2.5","08/06/18","MLSL"
"1","ML81717893","S","SFR/D","159","Littlefield RD  ","MTRY","699","","$825,000","$482.74","2/2,0,0,0","1709/A","1977","0.22/9,600","16/16","","","2.5","09/12/18","MLSL"
"1","PW18188873","S","SFR/D","811","Glenhaven DR  ","LH","699","STD","$830,000","$306.95","5/3,0,0,0","2704/A","1962/ASR","0.1641/7,150","3/3","Y","N","3","08/24/18","CRMLSM"
"1","ML81717630","S","CONDO","612","Arcadia TER   #102","SNVL","699","","$835,000","$963.09","1/1,0,0,0","867/A","1996","0.04/1,837","4/4","","Y","2.5","08/14/18","MLSL"
"1","ML81717622","S","SFR/D","711","Bay AVE  ","CPIT","699","","$850,000","$694.44","3/2,0,0,0","1224/A","1958","0.07/3,398","11/11","","","3","09/13/18","MLSL"
"1","ML81717912","S","SFR/D","1181","Quamme DR  ","SJOS","699","","$858,000","$610.24","3/2,0,0,0","1406/A","1967","0.15/6,517","10/10","","","2.5","09/10/18","MLSL"
"1","ML81717794","S","SFR/D","155","Robley RD  ","SLNA","699","","$860,000","$393.41","3/2,0,1,0","2186/A","1986","2.09/91,040","7/7","","","2.5","09/14/18","MLSL"
"1","ML81716800","S","SFR/D","181","Tradewinds DR  ","OA","699","","$874,000","$406.32","3/2,0,0,0","2151/A","1978","0.89/39,117","8/8","","","2.5","09/13/18","MLSL"
"1","ML81717760","S","TWNHS","220","Red Oak DR   #M","SNVL","699","","$880,000","$903.49","2/1,0,1,0","974/A","1971","0.01/740","10/10","","Y","2.5","09/06/18","MLSL"
"1","ML81717933","S","CONDO","1400","Bowe AVE   #601","STCL","699","","$885,000","$833.33","2/2,0,0,0","1062/A","1984","0.02/1,011","8/15","","Y","2.5","08/29/18","MLSL"
"1","ML81717876","S","SFR/D","87","La Crosse DR  ","MORH","699","","$910,000","$577.78","3/2,0,0,0","1575/A","1981","0.16/7,239","7/7","","","2.5","09/13/18","MLSL"
"1","ML81717874","S","SFR/D","146","Molly WAY  ","STCZ","699","","$920,000","$567.20","3/2,0,0,0","1622/A","1967","0.16/7,057","7/7","","","3","09/04/18","MLSL"
"1","ML81717562","S","SFR/D","829","Bellevue AVE  ","DALY","699","","$960,000","$727.27","3/1,0,1,0","1320/A","1959","0.05/2,525","12/12","","","2.5","09/06/18","MLSL"
"1","ML81717722","S","SFR/A","47","Erin LN  ","HALF","699","","$970,000","$613.92","3/2,0,1,0","1580/A","1996","0.02/1,187","1/1","","Y","2.5","09/04/18","MLSL"
"1","ML81717634","S","SFR/D","224","Smithwood ST  ","MILP","699","","$990,000","$760.95","3/2,0,0,0","1301/A","1959","0.14/6,292","11/11","","N","2.5","09/05/18","MLSL"
"1","ML81717523","S","TWNHS","1253","Avenida Las Brisas   ","SJOS","699","","$1,000,000","$765.11","2/2,0,0,0","1307/A","2006","0.24/10,512","13/13","","","2.5","09/12/18","MLSL"
"1","ML81717757","S","SFR","201","San Bruno AVE  ","MORH","699","STD","$1,000,000","$632.11","3/1,0,0,0","1582/A","1942","2.3335/101,647","0/0","","","2.5","08/06/18","MLSL"
"1","ML81717512","S","SFR/D","1524","Pesce WAY  ","STCZ","699","","$1,000,000","$466.85","4/2,0,1,0","2142/A","2000","0.15/6,882","5/5","","","2.5","08/24/18","MLSL"
"1","ML81717742","S","CONDO","3378","Brittan AVE   #9","SAC","699","","$1,025,000","$985.58","2/2,0,0,0","1040/A","1972","5.61/244,683","10/10","","Y","2.5","09/07/18","MLSL"
"1","ML81717772","S","SFR","3069","Rio RD  ","OA","699","STD","$1,045,000","$648.26","2/2,0,0,0","1612/A","1962","0.1596/6,950","0/156","Y","","2.5","08/06/18","MLSL"
"1","ML81717909","S","SFR/D","1427","Kimberly DR  ","SJOS","699","","$1,050,000","$820.31","3/2,0,0,0","1280/A","1959","0.15/6,900","8/8","","","2.5","09/10/18","MLSL"
"1","ML81717799","S","SFR/D","436","36th AVE  ","STCZ","699","","$1,050,000","$1,052.10","2/2,0,0,0","998/A","1934","0.05/2,178","4/4","","","2.5","08/31/18","MLSL"
"1","ML81717646","S","SFR/D","4371","Glenmont DR  ","SJOS","699","","$1,055,000","$671.12","4/2,0,0,0","1572/A","1968","0.14/6,220","6/6","","","2.5","08/29/18","MLSL"
"1","ML81717927","S","SFR/D","5062","Severance DR  ","SJOS","699","","$1,060,000","$542.48","5/2,0,1,0","1954/A","1973","0.19/8,609","10/10","","","2.5","09/11/18","MLSL"
"1","ML81717797","S","SFR/D","841","Dry Creek RD  ","MTRY","699","","$1,085,230","$414.21","3/3,0,0,0","2620/A","1967","0.3/13,068","8/8","","","2.5","08/31/18","MLSL"
"1","ML81717770","S","SFR/D","2428","Andrew CT  ","UCT","699","","$1,100,000","$636.57","3/2,0,0,0","1728/A","1994","0.15/6,569","11/11","","","2.5","09/07/18","MLSL"
"1","ML81717768","S","SFR/D","2851","Silver   ","SJOS","699","","$1,145,000","$705.92","3/2,0,0,0","1622/A","1973","0.14/6,126","9/9","","","2.5","09/14/18","MLSL"
"1","ML81717659","S","SFR/D","335","Wild Iris LN  ","STCZ","699","","$1,150,000","$535.63","3/2,0,1,0","2147/A","1987","5.54/241,322","8/8","","","2.5","08/31/18","MLSL"
"1","ML81717858","S","TWNHS","6028","Capriana    #68","FREM","699","","$1,180,000","$696.99","3/2,0,1,0","1693/A","1992","0/4","17/17","","Y","2.5","09/12/18","MLSL"
"1","ML81717790","S","SFR/D","0","3 SW of 8TH   ","OA","699","","$1,195,000","$1,044.58","3/2,0,0,0","1144/G","1950","0.05/2,500","4/4","","","2.5","09/07/18","MLSL"
"1","ML81717894","S","TWNHS","1237","Henderson AVE   #F","SNVL","699","","$1,220,000","$985.46","2/2,0,0,0","1238/A","1979","0.03/1,292","7/7","","","2.5","09/05/18","MLSL"
"1","ML81717937","S","SFR/D","1293","Colleen WAY  ","CMPB","699","","$1,288,000","$833.66","3/2,0,0,0","1545/A","1961","0.15/6,516","10/10","","","2.5","09/11/18","MLSL"
"1","ML81717767","S","TWNHS","1084","Norfolk DR  ","SJOS","699","","$1,300,000","$1,131.42","2/1,0,1,0","1149/A","1972","0.03/1,589","10/10","","","3","09/12/18","MLSL"
"1","ML81717749","S","SFR/D","1909","Shoreview AVE  ","SNMT","699","","$1,388,000","$931.54","3/2,0,0,0","1490/G","1950","0.14/6,250","5/5","","","2.5","08/27/18","MLSL"
"1","ML81717780","S","SFR/D","969","Franquette AVE  ","SJOS","699","","$1,420,000","$869.03","3/2,0,1,0","1634/G","1938","0.26/11,440","11/11","","","2.5","08/27/18","MLSL"
"1","ML81717880","S","SFR/D","322","Plateau AVE  ","STCZ","699","","$1,445,000","$882.17","3/2,0,0,0","1638/A","1963","0.14/6,229","8/8","","","2.5","09/13/18","MLSL"
"1","ML81717763","S","SFR/D","163","Silverwood DR  ","SCT","699","","$1,445,000","$516.07","4/3,0,0,0","2800/G","1996","0.44/19,254","12/137","","","2.5","09/17/18","MLSL"
"1","ML81717591","S","SFR/D","18255","Sabini CT  ","MORH","699","","$1,500,000","$344.83","4/3,0,0,0","4350/G","1990","1.61/70,192","6/6","","Y","2.5","08/22/18","MLSL"
"1","ML81717621","S","SFR/D","143","Oakview DR  ","SAC","699","","$1,520,000","$1,433.96","2/1,0,0,0","1060/A","1948","0.11/4,800","12/12","","","2.5","09/05/18","MLSL"
"1","ML81717543","S","SFR","6609","Creekview CT  ","SJOS","699","STD","$1,550,000","$763.92","4/2,0,0,0","2029/A","1972","0.1864/8,118","0/0","","","2.5","08/01/18","MLSL"
"1","ML81717925","S","SFR/D","208","Southwood DR  ","SCT","699","","$1,700,000","$675.14","4/3,0,0,0","2518/A","1979","0.67/29,534","7/7","","","2.5","09/12/18","MLSL"
"1","ML81717651","S","SFR/D","130","Loma Vista DR  ","BRLG","699","","$1,700,000","$960.45","3/2,0,0,0","1770/A","1941","0.14/6,175","12/12","","","2.5","09/14/18","MLSL"
"1","ML81717510","S","SFR/D","1812","El Verano WAY  ","BLMT","699","","$1,800,000","$1,475.41","3/2,0,0,0","1220/A","1955","0.16/7,102","11/11","","","2.5","09/05/18","MLSL"
"1","ML81717731","S","SFR/D","530","Bevans Dr. DR  ","SJOS","699","","$1,831,905","$1,106.89","4/2,0,0,0","1655/A","1965","0.13/5,973","10/10","","","2.5","09/10/18","MLSL"
"1","ML81717730","S","SFR/D","124","Oak CT  ","MENP","699","","$1,905,000","$2,295.18","2/1,0,0,0","830/A","1930","0.1/4,673","9/9","","","2.5","08/29/18","MLSL"
"1","ML81717758","S","SFR/D","342","Bluefish CT  ","FOSC","699","","$1,920,000","$750.00","5/3,0,0,0","2560/A","1969","0.14/6,175","9/62","","Y","2.5","09/11/18","MLSL"
"1","ML81717855","S","SFR/D","1565","Daphne DR  ","SJOS","699","","$2,000,888","$1,571.79","3/2,0,0,0","1273/A","1957","0.15/6,939","8/8","","","2.5","09/07/18","MLSL"
"1","ML81717548","S","SFR/D","513","Princeton RD  ","SNMT","699","","$2,125,000","$792.91","4/3,0,0,0","2680/A","1941","0.13/6,000","14/14","","","2.5","09/10/18","MLSL"
"1","ML81717725","S","SFR/D","39","Colorados DR  ","MILB","699","","$2,320,000","$792.08","5/3,0,0,0","2929/G","1959","0.16/7,344","16/16","","","2.5","09/07/18","MLSL"
"1","ML81717869","S","SFR/D","1094","Robbia DR  ","SNVL","699","","$2,349,000","$902.07","5/3,0,0,0","2604/A","1968","0.13/6,000","6/6","","","2.5","09/12/18","MLSL"
"1","ML81717736","S","SFR/D","1402","Melbourne ST  ","FOSC","699","","$2,400,000","$1,048.03","5/2,0,1,0","2290/A","1985","0.12/5,478","5/5","","Y","2.5","08/28/18","MLSL"
"1","ML81717589","S","SFR/D","194","Hillview AVE  ","RDW","699","","$2,500,000","$1,082.25","4/4,0,0,0","2310/A","1938","0.31/13,601","11/36","","Y","2.5","08/31/18","MLSL"
"1","ML81717638","S","SFR","125","Madison WAY  ","MENP","699","STD","$7,995,000","$1,323.68","7/6,0,1,0","6040/G","2018","0.4572/19,914","0/0","","","2.5","08/04/18","MLSL"
